id,title,description,link,image link,price,availability
product_5454ff32-8a3a-f0d5-4720-88b6f312b0de,Ribbed Melt Warmer (Natural),Ribbed melt warmer in natural colour.,https://www.beehappyorders.com/product-page/ribbed-melt-warmer-natural,1ec8bd_d4e86faf4b974d2ba57f22894ce9f0d5~mv2.png,9.0,TRUE
product_021ddef1-b6a3-2f1b-1c09-003ac469639d,Stoneware Dip Melt Warmer (Duck Egg),Stoneware melt warmer with duck egg colouring.,https://www.beehappyorders.com/product-page/stoneware-dip-melt-warmer-duck-egg,1ec8bd_465d4169b4cf405b9c6c63e6961e0e2f~mv2.png,9.38,TRUE
product_526fe49e-446b-1a71-05ee-f16d67ca466f,Stoneware Dip Melt Warmer (Rust)),Stoneware melt warmer in rust,https://www.beehappyorders.com/product-page/copy-of-stoneware-dip-melt-warmer-rust,1ec8bd_b0bd28f973a74dbfbe1565a5f57cf944~mv2.png,9.38,TRUE
product_0932210a-660f-65bb-ea9b-fa93621f7a4a,Stoneware Dip Melt Warmer (Blue),Stoneware melt warmer in blue,https://www.beehappyorders.com/product-page/stoneware-dip-melt-warmer-blue,1ec8bd_f1fc858c7b994393a877f723a3ec357b~mv2.png,9.38,TRUE
product_e415e95e-3a80-58e7-48c0-7e8964f621ac,Stoneware Patterned Melt Warmer,Stoneware patterned melt warmer,https://www.beehappyorders.com/product-page/stoneware-patterned-melt-warmer,1ec8bd_a362a443af8c4edd9a125d9c2bd86330~mv2.png,11.25,TRUE
product_99e68047-0943-6723-5f66-2483a30c5a79,Aztec Melt Warmer (Sage),Aztec melt warmer in sage,https://www.beehappyorders.com/product-page/aztec-melt-warmer-sage,1ec8bd_720df88a28574ab9aac3f147d2897dab~mv2.png,10.0,TRUE
product_6cc23ab7-3e78-d0d1-7afc-289462088175,Speckle Melt Warmer,Speckle melt warmer,https://www.beehappyorders.com/product-page/speckle-melt-warmer,1ec8bd_f9743095f6474610b8aabf38f7d204a9~mv2.png,8.0,TRUE
product_85a93900-b924-ba2b-b675-27762e4ea173,Stoneware Crosses Melt Warmer,Stoneware crosses melt warmer ,https://www.beehappyorders.com/product-page/stoneware-crosses-melt-warmer,1ec8bd_3415e0e52f0341a586ec00610be4f87c~mv2.png,11.25,TRUE
product_023c2d31-d9ac-133d-5cfd-4feb2e4f9336,Terracotta Petal Melt Warmer,Terracotta melt warmer with petal cut out design,https://www.beehappyorders.com/product-page/terracotta-petal-melt-warmer,1ec8bd_13413f4ad303497789dbfea3066e7f81~mv2.png,10.0,TRUE
product_3ef71593-00aa-9ca7-5867-84048a2a9613,Ribbed Melt Warmer (Petrol Blue),Ribbed melt warmer in petrol blue,https://www.beehappyorders.com/product-page/ribbed-melt-warmer-petrol-blue,1ec8bd_1dc4df06cbd346639a57d0411a0bf870~mv2.png,9.0,TRUE
product_8ba58e31-2c47-d3c9-1068-4ff0cc305440,Aztec Melt Warmer (Grey),Aztec melt warmer in grey,https://www.beehappyorders.com/product-page/aztec-melt-warmer-grey,1ec8bd_dfce31a093404e899df370613cdcc55b~mv2.png,10.0,TRUE
product_bcbaf47a-5b93-0d3e-fdbf-88283cac694d,Terracotta Star Wax Melt Warmer,Terracotta melt warmer with star cut out design,https://www.beehappyorders.com/product-page/terracotta-star-wax-melt-warmer,1ec8bd_a308c4ab0527428a9749cf9b8ffd02cd~mv2.png,10.0,TRUE
product_34d96da0-d370-57d1-8ad2-3d1cfce60594,Chocolate Orange Extra Large Honeycomb Melts (x3),"<p>*WARNING - THIS IS NOT A FOOD PRODUCT</p><p>&nbsp;</p><p>Our honeycomb wax melts come in sets of three.&nbsp;</p><p>&nbsp;</p><p>Each melt can be reused until its scent fades.&nbsp; Keep remaining melts in an airtight container to keep them at their best.</p><p>&nbsp;</p><p>Our entire range is vegan, cruelty free and made with the finest quality&nbsp;wax which is biodegradable and suitable for a high fragrance load to give you a great scent throw.</p>",,1ec8bd_9a3c4a24bddd42679d8d2c3f01b398bd~mv2.png;1ec8bd_c026bc86116d4981b8c8b1177aab710c~mv2.jpg,2.5,TRUE
product_51ec0a3a-7a01-5795-b2f6-881e42a2dfb5,Lemongrass Chunky Snap Bar,"<p>*WARNING&nbsp; - THIS IS NOT A FOOD ITEM*</p><p>&nbsp;</p><p>Our entire range is 100% vegan and cruelty free and we use only the finest quality wax which is biodegradable and suitable for a high fragrance load, to ensure great scent throw.&nbsp; Each section can be reused until the scent fades.</p><p>&nbsp;</p><p>Store remaining sections in an airtight container for best results.</p>",,1ec8bd_51d21eb399144e0481f81d182dc95012~mv2.jpg,2.5,TRUE
product_f6f215b4-8c87-202b-82a1-a983005e7aaf,Coconut Chunky Snap Bar,"<p>*WARNING&nbsp; - THIS IS NOT A FOOD ITEM*</p><p>&nbsp;</p><p>Our entire range is 100% vegan and cruelty free and we use only the finest quality wax which is biodegradable and suitable for a high fragrance load, to ensure great scent throw.&nbsp; Each section can be reused until the scent fades.</p><p>&nbsp;</p><p>Store remaining sections in an airtight container for best results.</p>",,1ec8bd_51d21eb399144e0481f81d182dc95012~mv2.jpg,2.5,TRUE
product_5cc420b9-3808-aa36-82bf-db8007d42972,Amber & Sweet Orange Chunky Snap Bar,"<p>*WARNING&nbsp; - THIS IS NOT A FOOD ITEM*</p><p>&nbsp;</p><p>Our entire range is 100% vegan and cruelty free and we use only the finest quality wax which is biodegradable and suitable for a high fragrance load, to ensure great scent throw.&nbsp; Each section can be reused until the scent fades.</p><p>&nbsp;</p><p>Store remaining sections in an airtight container for best results.</p>",,1ec8bd_51d21eb399144e0481f81d182dc95012~mv2.jpg,2.5,TRUE
product_bb3fb9e2-f047-ff10-5f01-5734644c17e4,Lemongrass Extra Large Honeycomb Melts (x3),"<p>Our honeycomb wax melts come in sets of three.&nbsp;</p><p>&nbsp;</p><p>Each melt can be reused until its scent fades.&nbsp; Keep remaining melts in an airtight container to keep them at their best.</p><p>&nbsp;</p><p>Our entire range is vegan, cruelty free and made with the finest quality&nbsp;wax which is biodegradable and suitable for a high fragrance load to give you a great scent throw.</p>",,1ec8bd_9a3c4a24bddd42679d8d2c3f01b398bd~mv2.png;1ec8bd_c026bc86116d4981b8c8b1177aab710c~mv2.jpg,2.5,TRUE
product_d059d24f-4eed-783f-0b63-489bbf18c5c4,Coconut Extra Large Honeycomb Melts (x3),"<p>Our honeycomb wax melts come in sets of three.&nbsp;</p><p>&nbsp;</p><p>Each melt can be reused until its scent fades.&nbsp; Keep remaining melts in an airtight container to keep them at their best.</p><p>&nbsp;</p><p>Our entire range is vegan, cruelty free and made with the finest quality&nbsp;wax which is biodegradable and suitable for a high fragrance load to give you a great scent throw.</p>",,1ec8bd_9a3c4a24bddd42679d8d2c3f01b398bd~mv2.png;1ec8bd_c026bc86116d4981b8c8b1177aab710c~mv2.jpg,2.5,TRUE
product_ee5f4d67-1db9-4e5d-282b-d24d8952837f,Amber & Sweet Orange Extra Large Honeycomb Melts (x3),"<p>Our honeycomb wax melts come in sets of three.&nbsp;</p><p>&nbsp;</p><p>Each melt can be reused until its scent fades.&nbsp; Keep remaining melts in an airtight container to keep them at their best.</p><p>&nbsp;</p><p>Our entire range is vegan, cruelty free and made with the finest quality&nbsp;wax which is biodegradable and suitable for a high fragrance load to give you a great scent throw.</p>",,1ec8bd_9a3c4a24bddd42679d8d2c3f01b398bd~mv2.png;1ec8bd_c026bc86116d4981b8c8b1177aab710c~mv2.jpg,2.5,TRUE
product_3ed61c9b-f4e5-0b13-4520-d19122302b8e,Lemongrass three wick hand poured candle,"<p>Presented in a large glass candle bowl our three wick candle is a showstopper. Available in all of our fragrances and, as with all of our range, 100% vegan and cruelty free. Please note these candles are made to order and therefore should be left to fully cure for 1-2 weeks following delivery to ensure longevity and proper scent throw. Our entire range is vegan, cruelty free and made with the finest quality wax which is biodegradable and suitable for a high fragrance load to give you a great scent throw.Approximate candle content 500g.</p>",,1ec8bd_2f7008e7e8514620b649e36ba5637d85~mv2.jpg,16.9,TRUE
product_b89ee251-a4f1-577b-b8bb-2f8fd7182d0f,Coconut three wick hand poured candle,"<p>Presented in a large glass candle bowl our three wick candle is a showstopper. Available in all of our fragrances and, as with all of our range, 100% vegan and cruelty free. Please note these candles are made to order and therefore should be left to fully cure for 1-2 weeks following delivery to ensure longevity and proper scent throw. Our entire range is vegan, cruelty free and made with the finest quality wax which is biodegradable and suitable for a high fragrance load to give you a great scent throw.Approximate candle content 500g.</p>",,1ec8bd_2f7008e7e8514620b649e36ba5637d85~mv2.jpg,16.9,TRUE
product_32a70552-15b5-9423-f11b-9ab7cf199847,Amber & Orange three wick hand poured candle,"<p>Presented in a large glass candle bowl our three wick candle is a showstopper. Available in all of our fragrances and, as with all of our range, 100% vegan and cruelty free. Please note these candles are made to order and therefore should be left to fully cure for 1-2 weeks following delivery to ensure longevity and proper scent throw. Our entire range is vegan, cruelty free and made with the finest quality wax which is biodegradable and suitable for a high fragrance load to give you a great scent throw.Approximate candle content 500g.</p>",,1ec8bd_2f7008e7e8514620b649e36ba5637d85~mv2.jpg,16.9,TRUE
product_59d5201e-845b-698c-0cc8-8df83b05550e,Lemongrass Reed Diffuser,<p>Each diffuser comes with seven reeds and should last between 3-4 months depending on the temperature of your home and the regularity with which you turn your reeds.&nbsp; Liquid content approximately 100g.</p>,,1ec8bd_e3a1c8c50659418982a102758ce900da~mv2.png,12.83,TRUE
product_e83d9070-a695-6be3-9615-c7ff00c5c4b5,Coconut Reed Diffuser,<p>Each diffuser comes with seven reeds and should last between 3-4 months depending on the temperature of your home and the regularity with which you turn your reeds.&nbsp; Liquid content approximately 100g.</p>,,1ec8bd_2f7008e7e8514620b649e36ba5637d85~mv2.jpg,12.83,TRUE
product_7892c609-e058-f491-9371-bc415a359825,Amber & Sweet Orange Reed Diffuser,<p>Each diffuser comes with seven reeds and should last between 3-4 months depending on the temperature of your home and the regularity with which you turn your reeds.&nbsp; Liquid content approximately 100g.</p>,,1ec8bd_2f7008e7e8514620b649e36ba5637d85~mv2.jpg,12.83,TRUE
product_26353f78-9c9b-1a54-fbd6-96302d2e1b25,Lemongrass hand poured wax melts (x5),"<p>Each melt can be reused until its scent fades.&nbsp; Keep remaining melts in an airtight container to keep them at their best.</p><p>&nbsp;</p><p>Our entire range is vegan, cruelty free and made with the finest quality&nbsp;wax which is biodegradable and suitable for a high fragrance load to give you a great scent throw.</p>",,1ec8bd_dfd3c5f3135b4805b802eb319c4ae23f~mv2.jpeg,1.5,TRUE
product_b9f799cc-24fd-281a-cbc0-6407723ae645,Coconut hand poured wax melts (x5),"<p>Each melt can be reused until its scent fades.&nbsp; Keep remaining melts in an airtight container to keep them at their best.</p><p>&nbsp;</p><p>Our entire range is vegan, cruelty free and made with the finest quality&nbsp;wax which is biodegradable and suitable for a high fragrance load to give you a great scent throw.</p>",,1ec8bd_dfd3c5f3135b4805b802eb319c4ae23f~mv2.jpeg,1.5,TRUE
product_5703d6f2-aad3-f413-f5f8-56412fd994f2,Amber & Sweet Orange hand poured wax melts (x5),"<p>Each melt can be reused until its scent fades.&nbsp; Keep remaining melts in an airtight container to keep them at their best.</p><p>&nbsp;</p><p>Our entire range is vegan, cruelty free and made with the finest quality&nbsp;wax which is biodegradable and suitable for a high fragrance load to give you a great scent throw.</p>",,1ec8bd_dfd3c5f3135b4805b802eb319c4ae23f~mv2.jpeg,1.5,TRUE
product_1e0e11c0-9e9d-ef37-5706-5414b9aa091f,Lemongrass hand poured snap bar (x1),"<p>Each section of your snap bar can be reused until its scent fades.&nbsp; Keep remaining sections of snap bar in an airtight container to keep them at their best.</p><p>&nbsp;</p><p>Our entire range is vegan, cruelty free and made with the finest quality wax which is biodegradable and suitable for a high fragrance load to give you a great scent throw.</p>",,1ec8bd_a9d81ff7b3844c34955784edd634a598~mv2.jpeg,1.5,TRUE
product_f2e8a736-66af-efc5-fa01-62909d559bf8,Amber & Sweet Orange hand poured snap bar (x1),"<p>Each section of your snap bar can be reused until its scent fades.&nbsp; Keep remaining sections of snap bar in an airtight container to keep them at their best.</p><p>&nbsp;</p><p>Our entire range is vegan, cruelty free and made with the finest quality wax which is biodegradable and suitable for a high fragrance load to give you a great scent throw.</p>",,1ec8bd_a9d81ff7b3844c34955784edd634a598~mv2.jpeg,1.5,TRUE
product_9dd20663-20dd-95f8-e918-d737fd89781e,Coconut hand poured snap bar (x1),"<p>Each section of your snap bar can be reused until its scent fades.&nbsp; Keep remaining sections of snap bar in an airtight container to keep them at their best.</p><p>&nbsp;</p><p>Our entire range is vegan, cruelty free and made with the finest quality wax which is biodegradable and suitable for a high fragrance load to give you a great scent throw.</p>",,1ec8bd_a9d81ff7b3844c34955784edd634a598~mv2.jpeg,1.5,TRUE
product_875369ea-bdae-3cd8-e17a-128e36a8d8d6,Lemongrass hand poured tinned candle,"<p>Comes in its own silver tin with lid to keep your candle at its best for longer and protect it from dust. Our entire range is vegan, cruelty free and made with the finest quality wax which is biodegradable and suitable for a high fragrance load to give you a great scent throw.Approximate candle content 200g</p>",,1ec8bd_00b6d20ec27644798e89bc7dcb2894bd~mv2.png,7.0,TRUE
product_55880929-a610-1eee-06f7-a8165b2c92ed,Coconut hand poured tinned candle,"<p>Comes in its own silver tin with lid to keep your candle at its best for longer and protect it from dust. Our entire range is vegan, cruelty free and made with the finest quality wax which is biodegradable and suitable for a high fragrance load to give you a great scent throw.Approximate candle content 200g</p>",,1ec8bd_52fa4652249f409fb18e0753301306bb~mv2.png,7.0,TRUE
product_64f0d8bb-03dd-d6e3-aa7b-f77c96cbacc3,Amber & Sweet Orange hand poured tinned candle,"<p>Comes in its own silver tin with lid to keep your candle at its best for longer and protect it from dust. Our entire range is vegan, cruelty free and made with the finest quality wax which is biodegradable and suitable for a high fragrance load to give you a great scent throw.Approximate candle content 200g</p>",,1ec8bd_5a15f2a335b643d2a51196be61392516~mv2.png,7.0,TRUE
product_a167b3ce-30e2-d8df-d2ea-2aa8d405f147,Lemongrass hand poured lidded candle,Hand poured candle in a glass jar with stylish wooden lid to protect from dust.Approximate candle content 300g.,https://www.beehappyorders.com/product-page/lemongrass-hand-poured-lidded-candle,1ec8bd_9865ef8de81644bfbfddcb95df934dee~mv2.png,11.6,TRUE
product_cdd27b9d-e501-b431-d0ef-54cca911d3da,Coconut hand poured lidded candle,Hand poured candle in a glass jar with stylish wooden lid to protect from dust.Approximate candle content 300g.,https://www.beehappyorders.com/product-page/coconut-hand-poured-lidded-candle,1ec8bd_4ee389d818964561a794cc6979ac6853~mv2.jpg,11.6,TRUE
product_61bcccaa-674e-d075-b13c-733435782dd1,Amber & Sweet Orange hand poured lidded candle,Hand poured candle in a glass jar with stylish wooden lid to protect from dust.Approximate candle content 300g.,https://www.beehappyorders.com/product-page/amber-sweet-orange-hand-poured-lidded-candle,1ec8bd_2f7008e7e8514620b649e36ba5637d85~mv2.jpg,11.6,TRUE
product_6c91abeb-1f93-2e6f-e75c-6cd1e6c5fc00,Replacement reeds (x7),Seven replacement fibre reeds in grey. We recommend reeds are changed every 6-12 months and for each new fragrance.,,1ec8bd_5f5aa60ff1b94463af8b8e1878c401d8~mv2.jpg,2.7,TRUE
product_a0d0c412-c8c3-b26a-9d99-56d7088798b3,Reed Diffuser Refill,"A more wallet and eco friendly way to refill your Bee Happy diffuser is here! 

Available in all of our fragrances, these 100% recyclable bottles (glass bottle/aluminium lid) contain approximately 100g of diffuser refill (the same amount as in our complete reed diffusers). These can also be used as stand alone diffusers depending on the look you want to achieve. 

Reeds are available for purchase separately.  We recommend reeds are changed every 6-12 months to maintain good fragrance throw.",,1ec8bd_61aac32d776c49f4928cb8d6b5d052fa~mv2.jpg,9.3,TRUE
product_6a6fac96-0bee-4b9b-99f1-03854ac9621a,Mystery Box £50,"Want a lovely surprise for yourself or someone else? 

Our mystery boxes have got you covered. Each box will contain hand picked luxury items with a retail value of £50 or more. Some items may be exclusively available in mystery boxes. Items may come from any of our product ranges and fragrances. 

Please add a note to your order if there is a type of product or a specific fragrances you do not wish to receive.",https://www.beehappyorders.com/product-page/mystery-box-50,1ec8bd_1224de49271e42948e13d812f81ee263~mv2.jpg,50.0,TRUE
product_b6394fa3-e193-1179-e2cb-027447ec2366,Mystery Box £25,"Want a lovely surprise for yourself or someone else? 

Our mystery boxes have got you covered. Each box will contain hand picked luxury items with a retail value of £25 or more. Some items may be exclusively available in mystery boxes. Items may come from any of our product ranges and fragrances. 

Please add a note to your order if there is a type of product or a specific fragrances you do not wish to receive.",https://www.beehappyorders.com/product-page/mystery-box,1ec8bd_1224de49271e42948e13d812f81ee263~mv2.jpg,25.0,TRUE
product_9c561b17-b120-cc35-9438-08f7d0f87b2f,Fig & Cassis hand poured lidded candle,"Hand poured candle in a glass jar with stylish wooden lid to protect from dust.

Approximate candle content 300g.",https://www.beehappyorders.com/product-page/fig-cassis-300ml-lidded-candle,1ec8bd_1d2a60458d9747669673dea030fad7a6~mv2.png,11.6,TRUE
product_32e03332-6427-19af-5009-3c803e1f3f88,Seashell Candle Duo,"Bring a bit of the seaside home with our seashell candle duo.   Made from the highest quality vegan and cruelty free biodegradable wax, and using a cotton core wick, you can enjoy our treats with a clear conscience.
 
Available in white, pink, grey, lilac and blue (please add a note to your order specifying colour)",,1ec8bd_5c6e09189b3441759a55dabeb6bab4e3~mv2.png,6.0,TRUE
product_b83b6227-0da7-c17b-0477-fe08c479bb95,Zen Melt Warmer,"<p>Add some zen to your home fragrance regime with our lovely melt warmer.&nbsp; Add a lit tea light to the base of the warmer, place your chosen melt or snap bar section to the bowl of the warmer and wait for the scent to fill the room.</p><p>&nbsp;</p><p>Always follow safety labels and care instructions provided.</p>",https://www.beehappyorders.com/product-page/zen-melt-warmer,1ec8bd_e90f79a2e37441babfa37c681d69d414~mv2.jpeg,7.99,TRUE
product_a70ddcb7-5805-68b1-64a0-053af11a03a0,'Yorick' Melt Warmer - Black,"<p>Add a little drama to your home fragrance regime with our 'Yorick' melt warmer.&nbsp; Also available in white.&nbsp;Just pop a lit tea light into the base of the warmer, add your chosen melt or section of snap bar to the bowl and wait for the scent to fill the room.</p><p>&nbsp;</p><p>Always follow wax melt care instructions.</p>",https://www.beehappyorders.com/product-page/yorick-melt-warmer-black,1ec8bd_fd4337cdf7a34d6ebced2694756718c8~mv2.jpeg,9.98,TRUE
product_2a33aaee-d9f0-5ac2-d44e-a1b106a82839,'Yorick' Melt Warmer - White,"<p>Add a little drama to your home fragrance regime with our 'Yorick' melt warmer.&nbsp; Also available in black.&nbsp;Just pop a lit tea light into the base of the warmer, add your chosen melt or section of snap bar to the bowl and wait for the scent to fill the room.</p><p>&nbsp;</p><p>Always follow wax melt care instructions.</p>",https://www.beehappyorders.com/product-page/yorick-melt-warmer-white,1ec8bd_71732ae527244aee86484066128e849a~mv2.jpeg,9.98,TRUE
product_0f444a2d-e1fb-5c9c-ba7d-5363382e7453,Kettle Melt Warmer - White,"<p>Add some cuteness to your home fragrance regime with our cute little kettle warmer.&nbsp; Also available in sage.</p><p>&nbsp;</p><p>Just place a lit tea light into the warmer, add your chosen wax melt or snap bar section to the bowl and wait for the scent to fill the room.</p><p>&nbsp;</p><p>Always follow wax melt care instructions.</p>",https://www.beehappyorders.com/product-page/kettle-melt-warmer-white,1ec8bd_9cfee96cd22a4062b06603ad0e570076~mv2.jpeg,7.8,TRUE
product_e07afd2b-2253-a768-626f-8c28e88c1e5b,Kettle Melt Warmer - Sage,"<p>Add a little cuteness to your home fragrance regime with our lovely little kettle melt warmer.&nbsp; Also available in white.</p><p>&nbsp;</p><p>Just put a lit tea light into the warmer, add your chosen melt or section of snap bar and wait for the scent to fill the room.</p><p>&nbsp;</p><p>Always follow wax melt care instructions.</p>",https://www.beehappyorders.com/product-page/kettle-melt-warmer-sage,1ec8bd_794ed4a5f8cb4c29b6ab2b8d1a270145~mv2.jpeg,7.8,TRUE
product_2fe88e65-1ae1-425b-733f-eb9028abfd02,Home Melt Warmer,"<p>Our lovely 'Home' wax melt warmer will fit with all decor schemes, and adds a great touch of decoration with minimal fuss.&nbsp; Just pop a lit tea light into the warmer, add your chosen melt or snap bar section and wait for the scent to fill the room.</p><p>&nbsp;</p><p>Always follow wax melt care instructions.</p>",https://www.beehappyorders.com/product-page/home-melt-warmer,1ec8bd_fb34411aa65a46d49a294bb867f360b9~mv2.jpeg,9.98,TRUE
product_51eb3d27-5416-bbd0-61ce-aece62bb49f9,Sunshine Melt Warmer,"<p>Add some sunny cheer to your home fragrance regime with our sunshine melt warmer.&nbsp; Just pop a lit tea light in the warmer, add your chosen wax melt or snap bar section to the bowl and wait for the scent to fill the room.&nbsp;&nbsp;</p><p>&nbsp;</p><p>Always follow wax melt care instructions.</p>",https://www.beehappyorders.com/product-page/sunshine-melt-warmer,1ec8bd_6bcc6bca270940558466f08acab1e707~mv2.jpeg,9.0,TRUE
product_13cacc2a-19a3-3e53-1719-e314b415c22f,Vanilla hand poured lidded candle ,"Hand poured soy wax candle in a glass jar, with stylish wooden lid to protect from dust.

Approximate candle content 300g.",https://www.beehappyorders.com/product-page/vanilla-lidded-candle-300ml,1ec8bd_22d930bc321741cdb717d307b86e6d09~mv2.png,11.6,TRUE
product_749b09d6-bdba-d6bd-a1ac-7f3070049434,Sage & Sea Salt hand poured lidded candle ,"Hand poured soy wax candle in a glass jar, with stylish wooden lid to protect from dust.

Approximate candle content 300g.",https://www.beehappyorders.com/product-page/sage-sea-salt-lidded-candle-300ml,1ec8bd_635d8df6b40a443ba39f8fe9a19bcf6a~mv2.png,11.6,TRUE
product_4f90a446-a5b3-5aca-5451-866f566ac616,Pomegranate Dusk hand poured lidded candle,"Hand poured soy wax candle in glass jar, with stylish wooden lid to protect from dust.

Approximate candle content 300g.",https://www.beehappyorders.com/product-page/pomegranate-dusk-lidded-candle-300ml,1ec8bd_dcbaf39418d2432097309bf0fcb8cb15~mv2.png,11.6,TRUE
product_47bf9c12-9317-5800-7e78-9a271a1f783e,"Lime, Basil & Mandarin hand poured lidded candle ","Hand poured soy wax candle in a glass jar with stylish wooden lid to protect from dust.

Approximate candle content 300g.",https://www.beehappyorders.com/product-page/lime-basil-mandarin-lidded-candle-300ml,1ec8bd_4789736b3f6840e1a98743091c02f14e~mv2.png,11.6,TRUE
product_964fb1d0-587c-ca32-f58f-64c18a1a70c7,Lavender & Chamomile hand poured lidded candle,"Hand poured soy wax candle in a glass jar with stylish wooden lid to protect from dust.

Approximate candle content 300g.",https://www.beehappyorders.com/product-page/lavender-chamomile-lidded-candle-300ml,1ec8bd_dca711ebed0846fe82222753dbbaa472~mv2.png,11.6,TRUE
product_bf78df4c-4b19-4a83-5c83-0c91dc18b20f,Fresh Linen hand poured lidded candle,"Hand poured soy wax candle in a glass jar with stylish wooden lid to protect from dust.

Approximate candle content 300g.",https://www.beehappyorders.com/product-page/fresh-linen-lidded-candle-300ml,1ec8bd_7c978f04840349a7934d8031f7f0c337~mv2.png,11.6,TRUE
product_f9dabb2b-606b-e232-bb51-b92d0dc4d1bb,Chocolate Orange hand poured lidded candle,"Hand poured soy wax candle in a glass jar with stylish wooden lid to protect from dust.

Approximate candle content 300g.",https://www.beehappyorders.com/product-page/chocolate-orange-lidded-candle-300ml,1ec8bd_0d18bf4c5a224093a24550c00d3631bf~mv2.png,11.6,TRUE
product_d479615b-9288-93e4-1295-d8d27bfcd202,Blackberry & Bay hand poured lidded candle ,"Hand poured soy wax candle in a glass jar with stylish wooden lid to protect from dust.

Approximate candle content 300g.",https://www.beehappyorders.com/product-page/blackberry-bay-lidded-candle-300ml,1ec8bd_f7ba8094297a41dbbbe94651cf0bb350~mv2.png,11.6,TRUE
product_d147fd7a-2615-6dd5-ab54-7c7f3ccf62c6,Baby Powder hand poured lidded candle ,"Hand poured soy wax candle in a glass jar with stylish wooden lid to protect from dust.

Approximate candle content 300g.",https://www.beehappyorders.com/product-page/baby-powder-300ml-lidded-candle,1ec8bd_ef943577ea384eaaaeb0f24abc1f1bb5~mv2.png,11.6,TRUE
product_6cbce5ca-59f9-d0a4-ff41-29f2a34352fe,Amber Noir hand poured lidded candle,"Hand poured soy wax candle in a glass jar with stylish wooden lid to protect from dust.

Approximate candle content 300g.",https://www.beehappyorders.com/product-page/amber-noir-300ml-lidded-candle,1ec8bd_3b36fbac5e4946dfb75d0581f2540dc6~mv2.png,11.6,TRUE
product_fc901657-c680-36b3-c03f-7f0b85a14ed3,Pear & Freesia hand poured lidded candle,"Hand poured soy wax candle in a glass jar with stylish wooden lid to protect from dust.

Approximate candle content 300g.",https://www.beehappyorders.com/product-page/pear-freesia-300ml-lidded-candle,1ec8bd_245c10bc65914e0e8bc6c62fcd076069~mv2.png,11.6,TRUE
product_962a8e73-dbb9-b5ad-d721-0f8003ea3ef2,Owl Candle,"Put some quirkyness into your home decor with our owl candle.

Available in a variety of colours. Please select your chosen colour below.

We use only the highest quality wax which is biodegradable, vegan and cruelty free.",,1ec8bd_e461bd50543b41f49e352e2f8770762a~mv2.png,2.0,TRUE
product_e05c3a0c-2d9c-a3f4-e118-f7afc11aa6b7,Bubble Candle,"<p>Funk up your home decor with our cute bubble candle. Available in pink, grey and white (please select colour below).&nbsp; Please note that this candle does not have a container and will need to be placed on a candle tray or plate before burning.</p><p>&nbsp;</p><p>We use only the highest quality biodegrade wax which is vegan, cruelty free and biodegradable.</p>",,1ec8bd_61835ac378f64803943b45fa8cfd503c~mv2.jpg,5.0,TRUE
product_6551e13e-b0ac-8868-a53c-9709f7d3f984,Sage & Sea Salt hand poured tinned candle,"Our Sage &amp; Sea Salt fragrance is reminiscent of waves breaking white, the air fresh with sea salt and spray. Alive with the mineral scent of the rugged cliffs. Mingling with the woody earthiness of sage. 
 
Comes in its own tin with lid to keep your candle at its best for longer and protect it from dust.
 
Our entire range is vegan, cruelty free and made with the finest quality wax which is biodegradable and suitable for a high fragrance load to give you a great scent throw.

Approximate candle content 200g",,1ec8bd_6cbf771beb294b7db54a7fe3ae018c75~mv2.png,7.0,TRUE
product_d27b1e8b-adf2-0d23-3de1-cd43c5bb2de5,Pomegranate Dusk hand poured tinned candle,"Our Pomegranate Dusk fragrance has top notes of juicy red fruits, reminiscent of pomegranate, giving a lusciously refreshing quality. Floral blend heart notes conjure the heady, spicy character of Casablanca lily. Base notes of temptingly smoky wood weave through the fragrance, creating an aura of sensuality. A classic high quality fragrance. 
 
Comes in its own tin with lid to keep your candle at its best for longer and protect it from dust.
 
Our entire range is vegan, cruelty free and made with the finest quality wax which is biodegradable and suitable for a high fragrance load to give you a great scent throw.

Approximate candle content 200g",,1ec8bd_13a6fa565d594e15be08d93ea2db1ca0~mv2.png,7.0,TRUE
product_72d3171f-426a-4583-9665-b74ad5a655a8,Pear & Freesia hand poured tinned candle,"Our Pear &amp; Freesia fragrance features pear, combined with quince which introduces honey sweetness, and is surrounded with white freesia and wild climbing rose. Base notes of green, fresh and sour nuances of rhubarb along with warm and subtle aromas of patchouli, amber and white musk.
 
Comes in its own tin with lid to keep your candle at its best for longer and protect it from dust.
 
Our entire range is vegan, cruelty free and made with the finest quality wax which is biodegradable and suitable for a high fragrance load to give you a great scent throw.

Approximate candle content 200g",,1ec8bd_efcae69ba39b48f6ab520b89d5d4007a~mv2.png,7.0,TRUE
product_532f5241-9ff3-3703-a585-c8a510abda7d,Fresh Linen hand poured tinned candle,"Our Fresh Linen fragrance is a beautifully clean scent, reminiscent of freshly laundered fluffy towels. 
 
Comes in its own tin with lid to keep your candle at its best for longer and protect it from dust.
 
 
Our entire range is vegan, cruelty free and made with the finest quality wax which is biodegradable and suitable for a high fragrance load to give you a great scent throw.

Approximate candle content 200g",,1ec8bd_a2fca2e074d54bc58daa7444324919bb~mv2.png,7.0,TRUE
product_edad35af-3e74-4e50-d905-686d51041bd1,Blackberry & Bay hand poured tinned candle,"Our Blackberry &amp; Bay fragrance features grapefruit, floral notes, vetiver, cedar, a burst of blackberry juice and bay leaf. 
 
Comes in its own tin with lid to keep your candle at its best for longer and protect it from dust.
 
Our entire range is vegan, cruelty free and made with the finest quality wax which is biodegradable and suitable for a high fragrance load to give you a great scent throw.

Approximate candle content 200g",,1ec8bd_8cdc2c5ff46b4c1cb66bf6eaca270c3d~mv2.png,7.0,TRUE
product_46af40f6-58cb-8893-1389-c9af6104dcdb,Sage & Sea Salt hand poured snap bar (x1),"<p>Our Sage &amp; Sea Salt fragrance is reminiscent of waves breaking white, the air fresh with sea salt and spray. Alive with the mineral scent of the rugged cliffs. Mingling with the woody earthiness of sage.</p><p>&nbsp;</p><p>Each section of your snap bar can be reused until its scent fades.&nbsp; Keep remaining sections of snap bar in an airtight container to keep them at their best.</p><p>&nbsp;</p><p>Our entire range is vegan, cruelty free and made with the finest quality wax which is biodegradable and suitable for a high fragrance load to give you a great scent throw.</p>",,1ec8bd_a9d81ff7b3844c34955784edd634a598~mv2.jpeg,1.5,TRUE
product_6afdd02a-4c2a-d8aa-64c6-255264b63556,Pomegranate Dusk hand poured snap bar (x1),"<p>Our Pomegranate Dusk&nbsp;fragrance has top notes of juicy red fruits, reminiscent of pomegranate, giving a lusciously refreshing quality. Floral blend heart notes&nbsp;conjure the heady, spicy character of Casablanca lily. Base notes of temptingly smoky wood weave through the fragrance, creating an aura of sensuality. A classic high quality fragrance.&nbsp;</p><p>&nbsp;</p><p>Each section of your snap bar can be reused until its scent fades.&nbsp; Keep remaining sections of snap bar in an airtight container to keep them at their best.</p><p>&nbsp;</p><p>Our entire range is vegan, cruelty free and made with the finest quality wax which is biodegradable and suitable for a high fragrance load to give you a great scent throw.</p><p>&nbsp;</p>",,1ec8bd_a9d81ff7b3844c34955784edd634a598~mv2.jpeg,1.5,TRUE
product_c695f3e8-a9ed-169c-f9cc-5d57e9c3ac98,Pear & Freesia hand poured snap bar (x1),"<p>Our Pear &amp; Freesia fragrance features pear, combined with quince which introduces honey sweetness, and is surrounded with white freesia and wild climbing rose. Base notes of green, fresh and sour nuances of rhubarb along with warm and subtle aromas of patchouli, amber and white musk.</p><p>&nbsp;</p><p>Our entire range is vegan, cruelty free and&nbsp;made with the finest quality wax which is biodegradable and suitable for a high fragrance load to give you a great scent throw.</p><p>&nbsp;</p><p>Each section of your snap bar can be reused until its scent fades.&nbsp; Keep remaining sections of snap bar in an airtight container to keep them at their best.</p>",,1ec8bd_a9d81ff7b3844c34955784edd634a598~mv2.jpeg,1.5,TRUE
product_4c7b0a22-79dc-54bf-67e3-45c804fc1caf,Fresh Linen hand poured snap bar (x1),"<p>Our Fresh Linen fragrance is a beautifully clean scent, reminiscent of freshly laundered fluffy towels.&nbsp;</p><p>&nbsp;</p><p>Our entire range is vegan, cruelty free and&nbsp;made with the finest quality wax which is biodegradable and suitable for a high fragrance load to give you a great scent throw.</p><p>&nbsp;</p><p>Each section of your snap bar can be reused until its scent fades.&nbsp; Keep remaining sections of snap bar in an airtight container to keep them at their best.</p>",,1ec8bd_a9d81ff7b3844c34955784edd634a598~mv2.jpeg,1.5,TRUE
product_c305232c-15f6-3d1f-0952-db3f27e784aa,Blackberry & Bay hand poured snap bar (x1),"<p>Our Blackberry &amp; Bay fragrance features grapefruit, floral notes, vetiver, cedar, a burst of blackberry juice and bay leaf.&nbsp;</p><p>&nbsp;</p><p>Our entire range is vegan, cruelty free and&nbsp;made with the finest quality wax which is biodegradable and suitable for a high fragrance load to give you a great scent throw.</p><p>&nbsp;</p><p>Each section of your snap bar can be reused until its scent fades.&nbsp; Keep remaining sections of snap bar in an airtight container to keep them at their best.</p>",,1ec8bd_a9d81ff7b3844c34955784edd634a598~mv2.jpeg,1.5,TRUE
product_1ff7bba5-7400-138c-6bd5-7331d9e39613,Sage & Sea Salt hand poured wax melts (x5),"<p>Our Sage &amp; Sea Salt fragrance is reminiscent of waves breaking white, the air fresh with sea salt and spray. Alive with the mineral scent of the rugged cliffs. Mingling with the woody earthiness of sage.</p><p>&nbsp;</p><p>Each melt can be reused until its scent fades.&nbsp; Keep remaining melts in an airtight container to keep them at their best.</p><p>&nbsp;</p><p>Our entire range is vegan, cruelty free and made with the finest quality&nbsp;wax which is biodegradable and suitable for a high fragrance load to give you a great scent throw.</p>",,1ec8bd_dfd3c5f3135b4805b802eb319c4ae23f~mv2.jpeg,1.5,TRUE
product_dd2b48d5-2e04-2299-bd93-544e7c67d5b0,Pomegranate Dusk hand poured wax melts (x5),"<p>Our Pomegranate Dusk fragrance has top notes of juicy red fruits, reminiscent of pomegranate, giving a lusciously refreshing quality. Floral blend heart notes&nbsp;conjure&nbsp;the heady, spicy character of Casablanca lily. Base notes of temptingly smoky wood weave&nbsp;through the fragrance, creating an aura of sensuality A classic high quality fragrance.</p><p>&nbsp;</p><p>Each melt can be reused until its scent fades. Keep remaining melts in an airtight container to keep them at their best. Each pack will contain&nbsp;five assorted shapes (hearts, stars and seashells).</p><p>&nbsp;</p><p>Our entire range is vegan, cruelty free and&nbsp;made with the finest quality&nbsp;wax which is biodegradable and suitable for a high fragrance load to give you a great scent throw.</p>",,1ec8bd_dfd3c5f3135b4805b802eb319c4ae23f~mv2.jpeg,1.5,TRUE
product_6a4ffe71-5f7f-c24a-8d48-a079cf108e05,Pear & Freesia hand poured wax melts (x5),"<p>Our Pear &amp; Freesia fragrance features pear, combined with quince which introduces honey sweetness, and is surrounded with white freesia and wild climbing rose. Base notes of green, fresh and sour nuances of rhubarb along with warm and subtle aromas of patchouli, amber and white musk.</p><p>&nbsp;</p><p>Our entire range is vegan, cruelty free and&nbsp;made with the finest quality wax which is biodegradable and suitable for a high fragrance load to give you a great scent throw.</p><p>&nbsp;</p><p>Each pack will contain&nbsp;five assorted shapes (hearts, stars and seashells) and each&nbsp;melt can be reused several times until the scent fades.&nbsp; Keep remaining melts in an airtight container to keep them at their best.</p>",,1ec8bd_dfd3c5f3135b4805b802eb319c4ae23f~mv2.jpeg,1.5,TRUE
product_2c326d54-efb0-e9cc-623d-944750504844,Fresh Linen hand poured wax melts (x5),"<p>Our Fresh Linen fragrance is a beautifully clean scent, reminiscent of freshly laundered fluffy towels.&nbsp;</p><p>&nbsp;</p><p>Our entire range is vegan, cruelty free and&nbsp;made with the finest quality wax which is biodegradable and suitable for a high fragrance load to give you a great scent throw.</p><p>&nbsp;</p><p>Each pack will contain&nbsp;five assorted shapes (hearts, stars and seashells).&nbsp; Each melt can be reused several times until the scent fades.&nbsp; Keep remaining melts in an airtight container to keep them at their best.</p>",,1ec8bd_dfd3c5f3135b4805b802eb319c4ae23f~mv2.jpeg,1.5,TRUE
product_d7427588-21a4-bdbb-e2be-bd6c4d9ba736,Blackberry & Bay hand poured wax melts (x5),"<p>Our Blackberry &amp; Bay fragrance features grapefruit, floral notes, vetiver, cedar, a burst of blackberry juice and bay leaf.&nbsp;</p><p>&nbsp;</p><p>Each pack will contain&nbsp;five assorted shapes (hearts, stars and seashells).</p><p>&nbsp;</p><p>Our entire range is vegan, cruelty free and&nbsp;made with the finest quality wax which is biodegradable and suitable for a high fragrance load to give you a great scent throw.</p><p>&nbsp;</p><p>Each melt can be reused several times until the scent fades.&nbsp; Keep remaining melts in an airtight container to keep them at their best.</p>",,1ec8bd_dfd3c5f3135b4805b802eb319c4ae23f~mv2.jpeg,1.5,TRUE
product_18dae3d1-6dd6-ef46-8528-435b97810b71,Sage & Sea Salt three wick hand poured candle,"Our Sage &amp; Sea Salt fragrance is reminiscent of waves breaking white, the air fresh with sea salt and spray. Alive with the mineral scent of the rugged cliffs. Mingling with the woody earthiness of sage. Presented in a large glass candle bowl our 500ml three wick candle is a showstopper.  Available in all of our fragrances and, as with all of our range, 100% vegan and cruelty free. Please note these candles are made to order and therefore should be left to fully cure for 1-2 weeks following delivery to ensure longevity and proper scent throw. Our entire range is vegan, cruelty free and made with the finest quality wax which is biodegradable and suitable for a high fragrance load to give you a great scent throw.Approximate candle content 500g.",,1ec8bd_2f7008e7e8514620b649e36ba5637d85~mv2.jpg,16.9,TRUE
product_415cd91f-752e-8baf-2533-19e3c91d21a0,Pomegranate Dusk three wick hand poured candle,"Our Pomegranate Dusk fragrance has top notes of juicy red fruits, reminiscent of pomegranate, giving a lusciously refreshing quality. Floral blend heart notes conjure the heady, spicy character of Casablanca lily. Base notes of temptingly smoky wood weave through the fragrance, creating an aura of sensuality. A classic high quality fragrance. 
 
Presented in a large glass candle bowl our 500ml three wick candle is a showstopper.  Available in all of our fragrances and, as with all of our range, 100% vegan and cruelty free.
 
Our entire range is vegan, cruelty free and made with the finest quality wax which is biodegradable and suitable for a high fragrance load to give you a great scent throw.
 
Please note these candles are made to order and therefore should be left to fully cure for 1-2 weeks following delivery to ensure longevity and proper scent throw.

Approximate candle content 500g.",,1ec8bd_2f7008e7e8514620b649e36ba5637d85~mv2.jpg,16.9,TRUE
product_80b746a6-8e53-ad18-5ada-e8ba838f7bef,Pear & Freesia three wick hand poured candle,"Our Pear &amp; Freesia fragrance features pear, combined with quince which introduces honey sweetness, and is surrounded with white freesia and wild climbing rose. Base notes of green, fresh and sour nuances of rhubarb along with warm and subtle aromas of patchouli, amber and white musk.
 
Presented in a large glass candle bowl our three wick candle is a showstopper.
 
Our entire range is vegan, cruelty free and made with the finest quality wax which is biodegradable and suitable for a high fragrance load to give you a great scent throw.
 
Please note these candles are made to order and therefore should be left to fully cure for 1-2 weeks following delivery to ensure longevity and proper scent throw.

Approximate candle content 500g.",,1ec8bd_2f7008e7e8514620b649e36ba5637d85~mv2.jpg,16.9,TRUE
product_b9ce32b6-2c60-b18a-4ca8-34871a211a92,Fresh Linen three wick hand poured candle,"Our Fresh Linen fragrance is a beautifully clean scent, reminiscent of freshly laundered fluffy towels.
 
Presented in a large glass candle bowl our three wick candle is a showstopper. 
 
Our entire range is vegan, cruelty free and made with the finest quality wax which is biodegradable and suitable for a high fragrance load to give you a great scent throw.
 
Please note these candles are made to order and therefore should be left to fully cure for 1-2 weeks following delivery to ensure longevity and proper scent throw.

Approximate candle content 500g.",,1ec8bd_2f7008e7e8514620b649e36ba5637d85~mv2.jpg,16.9,TRUE
product_c711dbd4-8344-53e5-aad6-e0639a6d57e5,Blackberry & Bay three wick hand poured candle,"Our Blackberry &amp; Bay fragrance features grapefruit, floral notes, vetiver, cedar, a burst of blackberry juice and bay leaf. 
 
Our entire range is vegan, cruelty free and made with the finest quality wax which is biodegradable and suitable for a high fragrance load to give you a great scent throw.
 
Presented in a large glass candle bowl our three wick candle is a showstopper.  
 
Please note these candles are made to order and therefore should be left to fully cure for 1-2 weeks following delivery to ensure longevity and proper scent throw.

Approximate candle content 500g.",,1ec8bd_2f7008e7e8514620b649e36ba5637d85~mv2.jpg,16.9,TRUE
product_7398781a-a29c-227b-5675-4dff8dfd29a9,Sage & Sea Salt Reed Diffuser,"Our Sage &amp; Sea Salt fragrance is reminiscent of waves breaking white, the air fresh with sea salt and spray. Alive with the mineral scent of the rugged cliffs. Mingling with the woody earthiness of sage.  Each diffuser comes with seven reeds and should last between 3-4 months depending on the temperature of your home and the regularity with which you turn your reeds.Content approximately 100g.",,1ec8bd_2f7008e7e8514620b649e36ba5637d85~mv2.jpg,12.83,TRUE
product_9794f35b-8f72-c0b1-0c52-9a7771d01e5d,Pomegranate Dusk Reed Diffuser,"Our Pomegranate Dusk fragrance has top notes of juicy red fruits, reminiscent of pomegranate, giving a lusciously refreshing quality. Floral blend heart notes conjure the heady, spicy character of Casablanca lily. Base notes of temptingly smoky wood weave through the fragrance, creating an aura of sensuality. A classic high quality fragrance. Each diffuser comes with seven reeds and should last between 3-4 months depending on the temperature of your home and the regularity with which you turn your reeds.Content approximately 100g.",,1ec8bd_41412d63445c4b0eb558c275f95b3e0a~mv2.png,12.83,TRUE
product_eb7eb85b-4d72-f983-8343-e3a5db171ca5,Pear & Freesia Reed Diffuser,"Our Pear &amp; Freesia fragrance features pear, combined with quince which introduces honey sweetness, and is surrounded with white freesia and wild climbing rose. Base notes of green, fresh and sour nuances of rhubarb along with warm and subtle aromas of patchouli, amber and white musk. Our entire range is vegan and cruelty free. Each diffuser comes with seven reeds and should last between 3-4 months depending on the temperature of your home and the regularity with which you turn your reeds.Content approximately 100g.",,1ec8bd_2db79040126f41dc9bedd8e54cda7a92~mv2.png,12.83,TRUE
product_629d4936-416f-f995-e112-28194b97fbc4,Fresh Linen Reed Diffuser,"Each diffuser comes with seven reeds and should last between 3-4 months depending on the temperature of your home and the regularity with which you turn your reeds.
 
Our entire range is 100% vegan and cruelty free.

Content approximately 100g.",,1ec8bd_aed3f03b3acb42acb5cbef16186c9d55~mv2.jpg,12.83,TRUE
product_f632aa90-5068-d5b0-ee1d-01f292b8fdba,Blackberry & Bay 100ml Reed Diffuser,"Our Blackberry &amp; Bay fragrance features grapefruit, floral notes, vetiver, cedar, a burst of blackberry juice and bay leaf. 
 
Each diffuser comes with seven reeds and should last between 3-4 months depending on the temperature of your home and the regularity with which you turn your reeds.
 
Our entire range is 100% vegan and cruelty free.

Content approximately 100g.",,1ec8bd_2f7008e7e8514620b649e36ba5637d85~mv2.jpg,12.83,TRUE
product_ccbe61a5-a1ff-a076-4da8-f3da622af52b,Sage & Sea Salt Extra Large Honeycomb Melts (x3),"<p>Our honeycomb wax melts come in sets of three.&nbsp;</p><p>&nbsp;</p><p>Our Sage &amp; Sea Salt fragrance is reminiscent of waves breaking white, the air fresh with sea salt and spray. Alive with the mineral scent of the rugged cliffs. Mingling with the woody earthiness of sage.</p><p>&nbsp;</p><p>Each melt can be reused until its scent fades.&nbsp; Keep remaining melts in an airtight container to keep them at their best.</p><p>&nbsp;</p><p>Our entire range is vegan, cruelty free and made with the finest quality&nbsp;wax which is biodegradable and suitable for a high fragrance load to give you a great scent throw.</p>",,1ec8bd_9a3c4a24bddd42679d8d2c3f01b398bd~mv2.png;1ec8bd_c026bc86116d4981b8c8b1177aab710c~mv2.jpg,2.5,TRUE
product_566df4dd-08c4-4c55-2c36-008f78f6b3e0,Vanilla Extra Large Honeycomb Melts (x3),"<p>Our honeycomb wax melts come in sets of three.</p><p>&nbsp;</p><p>Inspired by the classic French way of making ice cream using an egg-custard base, this fragrance initially exudes a strong and prominent smell associated with lemon cream and absolute blossom&nbsp;that is then enhanced by light undertones of raw vanilla and tonka bean followed by a delightful trace aftertaste of french vanilla and amber.</p><p>&nbsp;</p><p>We use only the finest quality wax which is biodegradable and can take a high fragrance oil load for great scent throw. Each&nbsp;melt can be used and reused until the scent fades.&nbsp;</p>",,1ec8bd_9a3c4a24bddd42679d8d2c3f01b398bd~mv2.png;1ec8bd_c026bc86116d4981b8c8b1177aab710c~mv2.jpg,2.5,TRUE
product_7effe777-b67b-2318-ab02-176b0647473e,Pomegranate Dusk Extra Large Honeycomb Melts (x3),"<p>Our honeycomb wax melts come in sets of three.&nbsp;</p><p>&nbsp;</p><p>Our Pomegranate Dusk fragrance has top notes of juicy red fruits, reminiscent of pomegranate, giving a lusciously refreshing quality. Floral blend heart notes&nbsp;conjure&nbsp;the heady, spicy character of Casablanca lily. Base notes of temptingly smoky wood weave&nbsp;through the fragrance, creating an aura of sensuality A classic high quality fragrance.</p><p>&nbsp;</p><p>Each melt can be reused until its scent fades. Keep remaining melts in an airtight container to keep them at their best. Each pack will contain&nbsp;five assorted shapes (hearts, stars and seashells).</p><p>&nbsp;</p><p>Our entire range is vegan, cruelty free and&nbsp;made with the finest quality&nbsp;wax which is biodegradable and suitable for a high fragrance load to give you a great scent throw.</p>",,1ec8bd_9a3c4a24bddd42679d8d2c3f01b398bd~mv2.png;1ec8bd_c026bc86116d4981b8c8b1177aab710c~mv2.jpg,2.5,TRUE
product_f2fe5dc1-e98e-3e3f-c58a-1482c15d03fd,Pear & Freesia Extra Large Honeycomb Melts (x3),"<p>Our honeycomb wax melts come in sets of three.</p><p>&nbsp;</p><p>Our Pear &amp; Freesia fragrance features pear, combined with quince which introduces honey sweetness, and is surrounded with white freesia and wild climbing rose. Base notes of green, fresh and sour nuances of rhubarb along with warm and subtle aromas of patchouli, amber and white musk.</p><p>&nbsp;</p><p>Our entire range is vegan, cruelty free and&nbsp;made with the finest quality wax which is biodegradable and suitable for a high fragrance load to give you a great scent throw.</p><p>&nbsp;</p><p>Each melt can be reused until its scent fades.&nbsp; Keep remaining melts in an airtight container to keep them at their best.</p>",,1ec8bd_4c80e3d3a66b4a47a7256adeba4b3ce9~mv2.png;1ec8bd_c9b7eb9dfb27419da5fa9cd6ce731272~mv2.png,2.5,TRUE
product_28c9d941-130a-1e19-7d1a-934d792aff0c,Lavender & Chamomile Extra Large Honeycomb Melts (x3),"<p>Our honeycomb wax melts come in sets of three.&nbsp;</p><p>&nbsp;</p><p>Our Lavender &amp; Chamomile scent offers a refreshing blend of eucalyptus and lavender with camphoraceous and lime top notes. &nbsp;A calming and relaxing fragrance which is perfect for the bedroom.</p><p>&nbsp;</p><p>We use only the finest quality biodegradable wax which can take a high fragrance load, to ensure great scent throw.&nbsp; Each melt can be reused until the scent fades.&nbsp;&nbsp;</p><p>&nbsp;</p><p>Store remaining melts in an airtight container for best results.</p><p>&nbsp;</p><p>All of our products are 100% vegan and cruelty free.</p>",,1ec8bd_9a3c4a24bddd42679d8d2c3f01b398bd~mv2.png;1ec8bd_c026bc86116d4981b8c8b1177aab710c~mv2.jpg,2.5,TRUE
product_aec85fa7-9d19-1398-3134-fd0dc4c7dd61,"Lime, Basil & Mandarin Extra Large Honeycomb Melts (x3)","<p>Our honeycomb wax melts come in sets of three.</p><p>&nbsp;</p><p>The Lime, Basil &amp; Mandarin fragrance has notes of peppery basil and aromatic white thyme which brings an unexpected twist to the scent of limes on a Caribbean breeze. A contemporary and luxuriously clean scent.</p><p>&nbsp;</p><p>We use only the finest quality wax which is biodegradable and suitable for a high fragrance load, to ensure great scent throw.&nbsp; Each melt can be reused until the scent fades.</p><p>&nbsp;</p><p>Store remaining melts in an airtight container for best results.</p><p>&nbsp;</p><p>Our entire range is 100% vegan and cruelty free.</p>",,1ec8bd_9a3c4a24bddd42679d8d2c3f01b398bd~mv2.png;1ec8bd_c026bc86116d4981b8c8b1177aab710c~mv2.jpg,2.5,TRUE
product_83692cdb-fb14-e488-79c6-d1bcb7d20d3c,Fresh Linen Extra Large Honeycomb Melts (x3),"<p>Our honeycomb wax melts come in sets of three.&nbsp;</p><p>&nbsp;</p><p>Our Fresh Linen fragrance is a beautifully clean scent, reminiscent of freshly laundered fluffy towels.&nbsp;</p><p>&nbsp;</p><p>Our entire range is vegan, cruelty free and&nbsp;made with the finest quality wax which is biodegradable and suitable for a high fragrance load to give you a great scent throw.</p><p>&nbsp;</p><p>Each melt can be reused several times until the scent fades.&nbsp; Keep remaining melts in an airtight container to keep them at their best.</p>",,1ec8bd_9a3c4a24bddd42679d8d2c3f01b398bd~mv2.png;1ec8bd_c026bc86116d4981b8c8b1177aab710c~mv2.jpg,2.5,TRUE
product_53ac43af-2c05-bcf2-fb90-5d732331e908,Fig & Cassis Extra Large Honeycomb Melts (x3),"<p>Our honeycomb wax melts come in sets of three.</p><p>&nbsp;</p><p>Our Fig &amp; Cassis scent top notes are cassis, cherry, grass and fig; middle notes are hyacinth, cyclamen, jasmine and pine tree; base notes are patchouli, cedar, amber and musk. A classic high quality fragrance.</p><p>&nbsp;</p><p>We use only the highest quality wax which is biodegradable and suitable for a high fragrance load, to ensure great scent throw.&nbsp; Each melt can be reused until the scent fades.</p><p>&nbsp;</p><p>Keep remaining melts in an airtight container for best results.</p><p>&nbsp;</p><p>All of our products are 100% vegan and cruelty free.</p>",,1ec8bd_9a3c4a24bddd42679d8d2c3f01b398bd~mv2.png;1ec8bd_c026bc86116d4981b8c8b1177aab710c~mv2.jpg,2.5,TRUE
product_e0a16c8e-23f0-6a09-fa53-cf2804f87659,Blackberry & Bay Extra Large Honeycomb Melts (x3),"<p>Our honeycomb wax melts come in sets of three.&nbsp;</p><p>&nbsp;</p><p>Our Blackberry &amp; Bay fragrance features grapefruit, floral notes, vetiver, cedar, a burst of blackberry juice and bay leaf.&nbsp;</p><p>&nbsp;</p><p>Our entire range is vegan, cruelty free and&nbsp;made with the finest quality wax which is biodegradable and suitable for a high fragrance load to give you a great scent throw.</p><p>&nbsp;</p><p>Each melt can be reused until the scent fades.&nbsp; Keep remaining melts in an airtight container to ensure longevity.</p>",,1ec8bd_9a3c4a24bddd42679d8d2c3f01b398bd~mv2.png;1ec8bd_c026bc86116d4981b8c8b1177aab710c~mv2.jpg,2.5,TRUE
product_40387316-a930-c81e-395e-4e96c9de8598,Baby Powder Extra Large Honeycomb Melts (x3),"<p>Our honeycomb wax melts come in sets of three.</p><p>&nbsp;</p><p>Our Baby Powder fragrance has a sweet, clean, soothing scent which is true to its name.</p><p>&nbsp;</p><p>Our entire range is 100% vegan and cruelty free and we use only the finest quality wax which is biodegradable and suitable for a high fragrance load, to ensure great scent throw.&nbsp; Each melt can be reused until the scent fades.</p><p>&nbsp;</p><p>Store remaining melts in an airtight container for best results.</p>",,1ec8bd_9a3c4a24bddd42679d8d2c3f01b398bd~mv2.png;1ec8bd_c026bc86116d4981b8c8b1177aab710c~mv2.jpg,2.5,TRUE
product_db0a24c8-fdf5-5f9f-ef1a-6b0763476c1a,Baby Powder Chunky Snap Bar,"<p>*WARNING&nbsp; - THIS IS NOT A FOOD ITEM*</p><p>&nbsp;</p><p>Our Baby Powder fragrance has a sweet, clean, soothing scent which is true to its name.</p><p>&nbsp;</p><p>Our entire range is 100% vegan and cruelty free and we use only the finest quality wax which is biodegradable and suitable for a high fragrance load, to ensure great scent throw.&nbsp; Each section can be reused until the scent fades.</p><p>&nbsp;</p><p>Store remaining sections in an airtight container for best results.</p>",,1ec8bd_51d21eb399144e0481f81d182dc95012~mv2.jpg,2.5,TRUE
product_6e6c7267-29f6-1aaa-c6ba-dae1523683b4,Fig & Cassis Chunky Snap Bar,"<p>Our Fig &amp; Cassis scent top notes are cassis, cherry, grass and fig; middle notes are hyacinth, cyclamen, jasmine and pine tree; base notes are patchouli, cedar, amber and musk. A classic high quality fragrance.</p><p>&nbsp;</p><p>We use only the highest quality wax which is biodegradable and suitable for a high fragrance load, to ensure great scent throw. Each section can be reused until the scent fades.Keep remaining sections in an airtight container for best results.</p><p>&nbsp;</p><p>All of our products are 100% vegan and cruelty free.</p><p>&nbsp;</p><p>Available in all of our fragrances.</p>",,1ec8bd_5977bae914af415eb17b40dab2da03f0~mv2.png,2.5,TRUE
product_60fa070d-308e-5200-63cb-332e84832624,Vanilla Chunky Snap Bar,"<p>*WARNING&nbsp; - THIS IS NOT A FOOD ITEM*</p><p>&nbsp;</p><p>Inspired by the classic French way of making ice cream using an egg-custard base, this fragrance initially exudes a strong and prominent smell associated with lemon cream and absolute blossom&nbsp;that is then enhanced by light undertones of raw vanilla and tonka bean followed by a delightful trace aftertaste of french vanilla and amber.</p><p>&nbsp;</p><p>Our chunky snap bars come in five sections, simply snap off a section and use in the same way as a wax melt.</p><p>&nbsp;</p><p>We use only the finest quality biodegradable wax which can take a high fragrance oil load to give great scent throw.&nbsp; Each section can be reused until the scent fades.&nbsp;</p><p>&nbsp;</p><p>Keep remaining sections in an airtight container for best results.</p>",,1ec8bd_51d21eb399144e0481f81d182dc95012~mv2.jpg,2.5,TRUE
product_e95c0738-e540-08d0-a302-01d75527d943,Sage & Sea Salt Chunky Snap Bar,"<p>*WARNING&nbsp; - THIS IS NOT A FOOD ITEM*</p><p>&nbsp;</p><p>Our chunky snap bars come in five sections, simply snap off a section and use in the same way as a wax melt.&nbsp;</p><p>&nbsp;</p><p>Our Sage &amp; Sea Salt fragrance is reminiscent of waves breaking white, the air fresh with sea salt and spray. Alive with the mineral scent of the rugged cliffs. Mingling with the woody earthiness of sage.</p><p>&nbsp;</p><p>Each section can be reused until its scent fades.&nbsp; Keep remaining melts in an airtight container to keep them at their best.</p><p>&nbsp;</p><p>Our entire range is vegan, cruelty free and made with the finest quality&nbsp;wax which is biodegradable and suitable for a high fragrance load to give you a great scent throw.</p>",,1ec8bd_51d21eb399144e0481f81d182dc95012~mv2.jpg,2.5,TRUE
product_13b0dfaa-0848-eed3-aee5-a5b7acabb952,Pomegranate Dusk Chunky Snap Bar,"<p>Our Pomegranate Dusk fragrance has top notes of juicy red fruits, reminiscent of pomegranate, giving a lusciously refreshing quality. Floral blend heart notes&nbsp; conjure the heady, spicy character of Casablanca lily. Base notes of temptingly smoky wood weave through the fragrance, creating an aura of sensuality. A classic high quality fragrance.&nbsp;</p><p>&nbsp;</p><p>Each section of your snap bar can be reused until its scent fades.&nbsp; Keep remaining sections of snap bar in an airtight container to keep them at their best.</p><p>&nbsp;</p><p>Our entire range is vegan, cruelty free and made with the finest quality wax which is biodegradable and suitable for a high fragrance load to give you a great scent throw.</p>",,1ec8bd_5977bae914af415eb17b40dab2da03f0~mv2.png,2.5,TRUE
product_c3026820-d9a0-15e8-2758-315dfa1021f0,Pear & Freesia Chunky Snap Bar,"<p>Our Pear &amp; Freesia fragrance features pear, combined with quince which introduces honey sweetness, and is surrounded with white freesia and wild climbing rose. Base notes of green, fresh and sour nuances of rhubarb along with warm and subtle aromas of patchouli, amber and white musk.</p><p>&nbsp;</p><p>Our entire range is vegan, cruelty free and&nbsp;made with the finest quality wax which is biodegradable and suitable for a high fragrance load to give you a great scent throw.</p><p>&nbsp;</p><p>Each section of your snap bar can be reused until its scent fades.&nbsp; Keep remaining sections of snap bar in an airtight container to keep them at their best.</p>",,1ec8bd_b6f85c7d2d45482aac6e42d211d9e765~mv2.png,2.5,TRUE
product_e471c485-acc5-3ccc-d867-e439fcc4d87f,Lavender & Chamomile Chunky Snap Bar,"<p>Our Lavender &amp; Chamomile scent offers a refreshing blend of eucalyptus and lavender with camphoraceous and lime top notes. &nbsp;A calming and relaxing fragrance which is perfect for the bedroom.</p><p>&nbsp;</p><p>Our chunky snap bars come in five sections, simply snap off a section and use in the same way as a wax melt.&nbsp;</p><p>&nbsp;</p><p>We use only the finest quality biodegradable wax which is suitable for a high fragrance load, to ensure great scent throw.&nbsp; Each section can be reused until the scent fades.</p><p>&nbsp;</p><p>Store remaining sections in an airtight container for best results.&nbsp;&nbsp;</p><p>&nbsp;</p><p>All of our products are 100% vegan and cruelty free.</p>",,1ec8bd_5977bae914af415eb17b40dab2da03f0~mv2.png,2.5,TRUE
product_a2e5f5ef-4831-39a2-73e3-c972fa3db0ca,"Lime, Basil & Mandarin Chunky Snap Bar","<p>*WARNING&nbsp; - THIS IS NOT A FOOD ITEM*</p><p>&nbsp;</p><p>The Lime, Basil &amp; Mandarin fragrance has notes of peppery basil and aromatic white thyme which brings an unexpected twist to the scent of limes on a Caribbean breeze. A contemporary and luxuriously clean scent.</p><p>&nbsp;</p><p>We use only the finest quality wax which is biodegradable and suitable for a high fragrance load, to ensure great scent throw.&nbsp; Each section can be reused until the scent fades.</p><p>&nbsp;</p><p>Store remaining sections in an airtight container for best results.</p><p>&nbsp;</p><p>Our entire range is 100% vegan and cruelty free.</p>",,1ec8bd_51d21eb399144e0481f81d182dc95012~mv2.jpg,2.5,TRUE
product_8786d8e9-e945-30bc-0c38-824bc42d1651,Fresh Linen Chunky Snap Bar,"<p>*WARNING&nbsp; - THIS IS NOT A FOOD ITEM*</p><p>&nbsp;</p><p>Our Fresh Linen fragrance is a beautifully clean scent, reminiscent of freshly laundered fluffy towels.&nbsp;</p><p>&nbsp;</p><p>Our chunky snap bars come in five sections, simply snap off a section and use in the same way as a wax melt.&nbsp; Each section can be used and reused until the scent fades.</p><p>&nbsp;</p><p>Our entire range is vegan, cruelty free and&nbsp;made with the finest quality wax which is biodegradable and suitable for a high fragrance load to give you a great scent throw.</p><p>&nbsp;</p>",,1ec8bd_51d21eb399144e0481f81d182dc95012~mv2.jpg,2.5,TRUE
product_45ff2d6d-575e-65df-8494-12e629321691,Chocolate Orange Chunky Snap Bar,"<p>*WARNING&nbsp; - THIS IS NOT A FOOD ITEM*</p><p>&nbsp;</p><p>Our Chocolate Orange fragrance has base notes of cocoa and a zesty burst of orange. &nbsp;A warming, sweet scent which is true to its name...just don't eat it!</p><p>&nbsp;</p><p>Our chunky snap bars come in five sections, simply snap off a section and use in the same way as a wax melt.</p><p>&nbsp;</p><p>Our entire range is 100% vegan and cruelty free and we use only the finest quality wax which is biodegradable and suitable for a high fragrance load.&nbsp; Each section can be reused until the scent fades.</p><p>&nbsp;</p><p>Store remaining sections in an airtight container for best results.</p>",,1ec8bd_51d21eb399144e0481f81d182dc95012~mv2.jpg,2.5,TRUE
product_96138be5-2937-2d29-15b9-f48ef2eb4dd3,Blackberry & Bay Chunky Snap Bar,"<p>Our Blackberry &amp; Bay fragrance features grapefruit, floral notes, vetiver, cedar, a burst of blackberry juice and bay leaf.</p><p>&nbsp;</p><p>Our entire range is vegan, cruelty free and made with the finest quality wax which is biodegradable and suitable for a high fragrance load to give you a great scent throw.&nbsp;</p><p>&nbsp;</p><p>Our chunky snap bars come in five sections, simply snap off a section and use in the same way as a wax melt.&nbsp; Each section can be used and reused until the scent fades.</p>",,1ec8bd_5977bae914af415eb17b40dab2da03f0~mv2.png,2.5,TRUE
product_4acf0804-6221-a343-cab0-981c66538caf,Wax melt starter set ,"Our wax melt starter set is a ready to go complete kit including melt warmer, six unscented tea lights, two chunky snap bars, six extra large honeycomb melts and six heart melts. Fragrances can be requested by leaving a note on the order, otherwise they will be chosen for you and each set will include six different fragrances.",https://www.beehappyorders.com/product-page/wax-melt-starter-set,1ec8bd_356faf2cf2c5436bbc66a3935c414c45~mv2.jpg;1ec8bd_e4c9b7beb61a4263bcec6b081c5fee4e~mv2.jpg;1ec8bd_374fc9fdf45d4f819ff1cdc7058a59fd~mv2.png;1ec8bd_f36daa0e1be24b0eabbd39799db25ac3~mv2.png;1ec8bd_9f3c1222d5cc42b7bf504bd0aee8070e~mv2.jpg;1ec8bd_8a58e23504e44aca9b2d9cd6797e8cab~mv2.png;1ec8bd_ef14090f80f9497d88ecd29d59059d7a~mv2.jpg,20.0,TRUE
product_f629dd4c-0c7a-41e9-b4cd-7efe7d864a76,Beehive Candle (Set of 4),"<p>Bring a little cheer to your home fragrance regime with our quirky little beehive candle. Made with high quality biodegradable wax which is vegan and cruelty free, there is no sting in the tail of these little cuties.</p><p>&nbsp;</p><p>Please choose your colour below.</p><p>&nbsp;</p>",,1ec8bd_7a7c48f646e4482f8ed9b573bf20420a~mv2.jpg,8.0,TRUE
product_3ac2d5ed-5279-4836-c170-013be0dd6033,Amber Noir Chunky Snap Bar ,"<p>Our chunky snap bars come in five sections, simply snap off a section and use in the same way as a wax melt. Made from specialist high performance melt wax, and the highest quality fragrance oils, each section can be used and reused until the scent fades.</p><p>&nbsp;</p><p>Available in all of our fragrances.</p>",,1ec8bd_5977bae914af415eb17b40dab2da03f0~mv2.png,2.5,TRUE
product_3e24da69-04d2-0b53-4443-e7bc46c3fabf,Amber Noir Extra Large Honeycomb Melts (x3),"Our honeycomb wax melts come in sets of three.  Made from specialist high performance melt wax and the highest quality fragrance oils, all of which are vegan and cruelty free, the melts can be used and reused until the scent fades. Available in all of our fragrances.",,1ec8bd_9a3c4a24bddd42679d8d2c3f01b398bd~mv2.png;1ec8bd_c026bc86116d4981b8c8b1177aab710c~mv2.jpg,2.5,TRUE
product_a275a49a-6cf0-4e4b-0249-ee413de6651c,Wax Melt/Snap Bar Mystery Postal Box - including P&P,<p>Each mystery box contains six sets of melts or six snap bars from our standard size range.&nbsp; Fragrances will be chosen at random but boxes will include no more than one set of melts or snap bar in any one fragrance.&nbsp; Price includes P&amp;P - use code 'mystery21' at checkout.</p>,,1ec8bd_7c989105619445599443e7c3c3f4c250~mv2.jpeg;1ec8bd_696b8addd8fa4950bcec95c2f681fe3a~mv2.jpeg;1ec8bd_1331f841fd86464580c5e45ad06edd6c~mv2.jpeg,9.0,TRUE
product_29bcca97-af3e-5237-2614-70e599d71a78,Chocolate Orange Reed Diffuser,"*WARNING - THIS IS NOT A FOOD PRODUCT*
 
Our Chocolate Orange fragrance has base notes of cocoa and a zesty burst of orange.  A warming, sweet scent which is true to its name...just don't eat it!
 
Each diffuser comes with seven reeds and should last between 3-4 months depending on the temperature of your home and the regularity with which you turn your reeds.
 
All of our products are 100% vegan and cruelty free.

Content approximately 100g.",,1ec8bd_7d24258a0737444891f334aaae0278d2~mv2.jpeg;1ec8bd_379049532c9941e0b71a8a12512ff4fe~mv2.png,12.83,TRUE
product_deb0266d-d50f-e8b1-7243-7d7c7f9e482c,Vanilla hand poured wax melts (x5),"<p>Inspired by the classic French way of making ice cream using an egg-custard base, this fragrance initially exudes a strong and prominent smell associated with lemon cream and absolute blossom&nbsp;that is then enhanced by light undertones of raw vanilla and tonka bean followed by a delightful trace aftertaste of french vanilla and amber.</p><p>&nbsp;</p><p>We use only the finest quality biodegradable wax which can take a high fragrance oil load to give great scent throw.&nbsp; Each melt can be reused until the scent fades.&nbsp;</p><p>&nbsp;</p><p>Keep remaining melts in an airtight container for best results.</p><p>&nbsp;</p><p>Each pack will contain&nbsp;five assorted shapes (hearts, stars and seashells).</p><p>&nbsp;</p><p>Our entire range is vegan, cruelty free and&nbsp;made with the finest quality soy wax which is biodegradable and suitable for a high fragrance load to give you a great scent throw.</p><p>&nbsp;</p><p>Each melt can be reused several times until the scent fades.&nbsp; Keep remaining melts in an airtight container to keep them at their best.</p>",,1ec8bd_dfd3c5f3135b4805b802eb319c4ae23f~mv2.jpeg,1.5,TRUE
product_a118d44f-b641-2af6-4397-a1e6e62741ef,"Lime, Basil & Mandarin hand poured wax melts (x5)","<p>The Lime, Basil &amp; Mandarin fragrance has notes of peppery basil and aromatic white thyme which brings an unexpected twist to the scent of limes on a Caribbean breeze. A contemporary and luxuriously clean scent.</p><p>&nbsp;</p><p>We use only the finest quality wax which is biodegradable and suitable for a high fragrance load, to ensure great scent throw.&nbsp; Each melt can be reused until the scent fades.</p><p>&nbsp;</p><p>Store remaining melts in an airtight container for best results.</p><p>&nbsp;</p><p>Our entire range is 100% vegan and cruelty free.</p><p>&nbsp;</p><p>&nbsp;Each pack will contain&nbsp;five assorted shapes (hearts, stars and seashells).</p><p>&nbsp;</p>",,1ec8bd_dfd3c5f3135b4805b802eb319c4ae23f~mv2.jpeg,1.5,TRUE
product_f624a27c-8e0f-870e-f103-6d74c04c37ee,Lavender & Chamomile hand poured wax melts (x5),"<p>Our Lavender &amp; Chamomile scent offers a refreshing blend of eucalyptus and lavender with camphoraceous and lime top notes. &nbsp;A calming and relaxing fragrance which is perfect for the bedroom.</p><p>&nbsp;</p><p>Each pack will contain&nbsp;five assorted shapes (hearts, stars and seashells).</p><p>&nbsp;</p><p>Our entire range is vegan, cruelty free and&nbsp;made with the finest quality soy wax which is biodegradable and suitable for a high fragrance load to give you a great scent throw.</p><p>&nbsp;</p><p>Each melt can be reused several times until the scent fades.&nbsp; Keep remaining melts in an airtight container to keep them at their best.</p>",,1ec8bd_dfd3c5f3135b4805b802eb319c4ae23f~mv2.jpeg,1.5,TRUE
product_d0f7a424-3e7d-2b16-89b6-9efb07cabbca,Fig & Cassis hand poured wax melts (x5),"<p>Our Fig &amp; Cassis scent top notes are cassis, cherry, grass and fig; middle notes are hyacinth, cyclamen, jasmine and pine tree; base notes are patchouli, cedar, amber and musk. A classic high quality fragrance.</p><p>&nbsp;</p><p>Each pack will contain&nbsp;five assorted shapes (hearts, stars and seashells).</p><p>&nbsp;</p><p>Our entire range is vegan, cruelty free and&nbsp;made with the finest quality wax which is biodegradable and suitable for a high fragrance load to give you a great scent throw.</p><p>&nbsp;</p><p>Each melt can be reused several times until the scent fades.&nbsp; Keep remaining melts in an airtight container to keep them at their best.</p>",,1ec8bd_dfd3c5f3135b4805b802eb319c4ae23f~mv2.jpeg,1.5,TRUE
product_3948c039-0878-736c-d39f-625335cd0b01,Chocolate Orange hand poured wax melts (x5),"<p>*WARNING - THIS IS NOT A FOOD PRODUCT*</p><p>&nbsp;</p><p>Our Chocolate Orange fragrance has base notes of cocoa and a zesty burst of orange. &nbsp;A warming, sweet scent which is true to its name...just don't eat it!</p><p>&nbsp;</p><p>Our entire range is 100% vegan and cruelty free and we use only the finest quality wax which is biodegradable and suitable for a high fragrance load.&nbsp; Each section can be reused until the scent fades.</p><p>&nbsp;</p><p>Store remaining sections in an airtight container for best results.</p>",,1ec8bd_dfd3c5f3135b4805b802eb319c4ae23f~mv2.jpeg,1.5,TRUE
product_03eb3e33-9fdd-f990-f7e6-04c3d04078d2,Baby Powder hand poured wax melts (x5),"<p>Our Baby Powder fragrance has a sweet, clean, soothing scent which is true to its name.</p><p>&nbsp;</p><p>Our entire range is 100% vegan and cruelty free and we use only the finest quality wax which is biodegradable and suitable for a high fragrance load, to ensure great scent throw.&nbsp; Each melt can be reused until the scent fades.</p><p>&nbsp;</p><p>Store remaining melts in an airtight container for best results.</p><p>&nbsp;</p><p>Each pack will contain&nbsp;five assorted shapes (hearts, stars and seashells).</p>",,1ec8bd_dfd3c5f3135b4805b802eb319c4ae23f~mv2.jpeg,1.5,TRUE
product_0e64848c-edc6-40d5-5781-78586b293d93,Vanilla hand poured snap bar (x1),"<p>Inspired by the classic French way of making ice cream using an egg-custard base, this fragrance initially exudes a strong and prominent smell associated with lemon cream and absolute blossom&nbsp;that is then enhanced by light undertones of raw vanilla and tonka bean followed by a delightful trace aftertaste of french vanilla and amber.</p><p>&nbsp;</p><p>We use only the finest quality biodegradable wax which can take a high fragrance oil load to give great scent throw.&nbsp; Each section can be reused until the scent fades.&nbsp;</p><p>&nbsp;</p><p>Keep remaining sections in an airtight container for best results.</p>",,1ec8bd_a9d81ff7b3844c34955784edd634a598~mv2.jpeg,1.5,TRUE
product_615538f4-e55e-10bc-9fe5-9ae966dfdb98,Chocolate Orange hand poured snap bar (x1),"<p>*WARNING - THIS IS NOT A FOOD PRODUCT*</p><p>&nbsp;</p><p>Our Chocolate Orange fragrance has base notes of cocoa and a zesty burst of orange. &nbsp;A warming, sweet scent which is true to its name...just don't eat it!</p><p>&nbsp;</p><p>Our entire range is 100% vegan and cruelty free and we use only the finest quality wax which is biodegradable and suitable for a high fragrance load.&nbsp; Each section can be reused until the scent fades.</p><p>&nbsp;</p><p>Store remaining sections in an airtight container for best results.</p><p>&nbsp;</p><p>&nbsp;</p>",,1ec8bd_a9d81ff7b3844c34955784edd634a598~mv2.jpeg,1.5,TRUE
product_2cd5ad88-b6a3-2e3f-8a91-8eedd007eaa7,"Lime, Basil & Mandarin hand poured snap bar (x1)","<p>The Lime, Basil &amp; Mandarin fragrance has notes of peppery basil and aromatic white thyme which brings an unexpected twist to the scent of limes on a Caribbean breeze. A contemporary and luxuriously clean scent.</p><p>&nbsp;</p><p>Our entire range is vegan, cruelty free and made with the finest quality wax which is biodegradable and suitable for a high fragrance load to give you a great scent throw.&nbsp;</p><p>&nbsp;</p><p>Each section of your snap bar can be reused until its scent fades.&nbsp; Keep remaining sections of snap bar in an airtight container to keep them at their best.</p>",,1ec8bd_a9d81ff7b3844c34955784edd634a598~mv2.jpeg,1.5,TRUE
product_c7656795-0f5a-418a-273f-e9c383f1904c,Lavender & Chamomile hand poured snap bar (x1),"<p>Our Lavender &amp; Chamomile scent offers a refreshing blend of eucalyptus and lavender with camphoraceous and lime top notes. &nbsp;A calming and relaxing fragrance which is perfect for the bedroom.</p><p>&nbsp;</p><p>Our entire range is vegan, cruelty free and made with the finest quality&nbsp;wax which is biodegradable and suitable for a high fragrance load to give you a great scent throw.</p><p>&nbsp;</p><p>Each section of your snap bar can be reused until its scent fades.&nbsp; Keep remaining sections of snap bar in an airtight container to keep them at their best.</p>",,1ec8bd_a9d81ff7b3844c34955784edd634a598~mv2.jpeg,1.5,TRUE
product_be990b87-2fc6-c331-5a0b-9a96a8661d41,Fig & Cassis hand poured snap bar (x1),"<p>Our Fig &amp; Cassis scent top notes are cassis, cherry, grass and fig; middle notes are hyacinth, cyclamen, jasmine and pine tree; base notes are patchouli, cedar, amber and musk. A classic high quality fragrance.</p><p>&nbsp;</p><p>Our entire range is vegan, cruelty free and made with the finest quality wax which is biodegradable and suitable for a high fragrance load to give you a great scent throw.</p><p>&nbsp;</p><p>Each section of your snap bar can be reused until its scent fades.&nbsp; Keep remaining sections of snap bar in an airtight container to keep them at their best.</p>",,1ec8bd_a9d81ff7b3844c34955784edd634a598~mv2.jpeg,1.5,TRUE
product_1c57eec9-7d0a-b407-312d-819e9efee45f,Baby Powder hand poured snap bar (x1),"<p>Our Baby Powder fragrance has a sweet, clean, soothing scent which is true to its name.</p><p>&nbsp;</p><p>Our entire range is 100% vegan and cruelty free and we use only the finest quality wax which is biodegradable and suitable for a high fragrance load, to ensure great scent throw.&nbsp; Each section can be reused until the scent fades.</p><p>&nbsp;</p><p>Store remainingsections in an airtight container for best results.</p>",,1ec8bd_a9d81ff7b3844c34955784edd634a598~mv2.jpeg,1.5,TRUE
product_3f18167b-350b-84ee-c8fa-a4302b469044,Vanilla Reed Diffuser,"Inspired by the classic French way of making ice cream using an egg-custard base, this fragrance initially exudes a strong and prominent smell associated with lemon cream and absolute blossom that is then enhanced by light undertones of raw vanilla and tonka bean followed by a delightful trace aftertaste of french vanilla and amber.
 
Each diffuser comes with seven reeds and should last between 3-4 months depending on the temperature of your home and the regularity with which you turn your reeds.
 
Our entire range is 100% vegan and cruelty free.

Approximate content 100g.",,1ec8bd_696e769ed37045e2850f8a0060bfae65~mv2.jpeg;1ec8bd_21f790c18e7344faadc8818bfa964832~mv2.png,12.83,TRUE
product_c12a7135-a3e0-02bd-99b4-c8516ed08dd8,"Lime, Basil & Mandarin Reed Diffuser","The Lime, Basil &amp; Mandarin fragrance has notes of peppery basil and aromatic white thyme which brings an unexpected twist to the scent of limes on a Caribbean breeze. A contemporary and luxuriously clean scent. Each diffuser comes with seven reeds and should last between 3-4 months depending on the temperature of your home and the regularity with which you turn your reeds. All our products are 100% vegan and cruelty free.Approximate content 100g.",,1ec8bd_914471327f574538966b833656247980~mv2.jpeg;1ec8bd_baf74ae57e2f4482b47d39ebf9198904~mv2.png,12.83,TRUE
product_67f0b445-d9e3-7b98-e99a-9e9d3c192dba,Lavender & Chamomile Reed Diffuser,"Our Lavender &amp; Chamomile scent offers a refreshing blend of eucalyptus and lavender with camphoraceous and lime top notes.  A calming and relaxing fragrance which is perfect for the bedroom.
 
Each diffuser comes with seven reeds and should last between 3-4 months depending on the temperature of your home and the regularity with which you turn your reeds.
 
All of our products are 100% vegan and cruelty free.

Approximate content 100g.",,1ec8bd_887f7ba7a1114c7ba461b946c480e9b7~mv2.png;1ec8bd_3a587abe45d441319dfb078e69ca05f6~mv2.jpeg;1ec8bd_09fc92e6df424ba58d9c4ec51d182250~mv2.png,12.83,TRUE
product_8c5f27e2-e10e-0f00-ec5a-009e8cb57aae,Fig & Cassis Reed Diffuser,"Our Fig &amp; Cassis scent top notes are cassis, cherry, grass and fig; middle notes are hyacinth, cyclamen, jasmine and pine tree; base notes are patchouli, cedar, amber and musk. A classic high quality fragrance. Each diffuser comes with seven reeds and should last between 3-4 months depending on the temperature of your home and the regularity with which you turn your reeds. All of our products are 100% vegan and cruelty free.Approximate content 100g.",,1ec8bd_bdbe0bdaa6ba420991a569657a2ca44b~mv2.jpeg;1ec8bd_9fa140b6e6e34de1a64fe8e6b404c7c1~mv2.png,12.83,TRUE
product_6d08e0c3-aece-0071-a6e3-8983ef9cc350,Baby Powder Reed Diffuser,"Our Baby Powder fragrance has a sweet, clean, soothing scent which is true to its name.
 
Each diffuser comes with seven reeds and should last 3-4 months depending on room temperature and how often the reeds are turned.
 
Our entire range is 100% vegan and cruelty free.

Approximate content 100g.",,1ec8bd_15258aedef53421aad129a7122d8f1ec~mv2.jpeg;1ec8bd_faf9341dc8ac4cd4afb78062eeb5aca6~mv2.png,12.83,TRUE
product_d5ab5731-2ead-eb54-301f-5c09f44bd667,Amber Noir Reed Diffuser,Enhance your home fragrance regime with our luxury reed diffuser.  Available in all of our fragrances and comes with seven reeds.  Each diffuser should last between 3-4 months depending on the temperature of your home and the regularity with which you turn your reeds.Approximate content 100g.,,1ec8bd_3406340832ea4ec5ad5a01acc3ee57a4~mv2.jpeg;1ec8bd_eb77bb1f3d6a43168a182827e8f35e01~mv2.png,12.83,TRUE
product_bfa33261-3c17-962f-66b0-bdd4080d378f,Vanilla three wick hand poured candle,"Inspired by the classic French way of making ice cream using an egg-custard base, this fragrance initially exudes a strong and prominent smell associated with lemon cream and absolute blossom that is then enhanced by light undertones of raw vanilla and tonka bean followed by a delightful trace aftertaste of french vanilla and amber.
 
We use only the finest quality biodegradable wax which can take a high fragrance oil load to give great scent throw.  
 
Presented in a large glass candle bowl our three wick candle is a showstopper.  
 
Please note these candles are made to order and therefore should be left to fully cure for 1-2 weeks following delivery to ensure longevity and proper scent throw.

Approximate candle content 500g.",,1ec8bd_db578bfdf9144440825003789e53eabc~mv2.jpg,16.9,TRUE
product_bb443dac-2ede-3d62-786d-7f66a9e2589c,"Lime, Basil & Mandarin three wick hand poured candle","The Lime, Basil &amp; Mandarin fragrance has notes of peppery basil and aromatic white thyme which brings an unexpected twist to the scent of limes on a Caribbean breeze. A contemporary and luxuriously clean scent.
 
Presented in a large glass candle bowl our three wick candle is a showstopper. 
 
We use only the finest quality wax which is biodegradable and suitable for a high fragrance load, to ensure great scent throw.
 
Please note that these candles are made to order and should therefore be left to fully cure for 1-2 weeks following delivery to ensure proper scent throw.

Approximate candle content 500g.",,1ec8bd_494fbd90b6ab460e894d940c1322dd60~mv2.jpg,16.9,TRUE
product_16ec7f88-c1fe-61cc-b576-890b12d25cc4,Lavender & Chamomile three wick hand poured candle,"Our Lavender &amp; Chamomile scent offers a refreshing blend of eucalyptus and lavender with camphoraceous and lime top notes.  A calming and relaxing fragrance which is perfect for the bedroom.
 
Presented in a large glass candle bowl our three wick candle is a showstopper.  
 
We use only the finest quality wax which is biodegradable and suitable for a high fragrance load to ensure great scent throw.  All of our products are 100% vegan and cruelty free.
 
Please note that these candles are made to order and as such should be left to fully cure for 1-2 weeks following delivery to ensure proper scent throw.

Approximate candle content 500g.",,1ec8bd_fc86689d44434cfbbffbe186cd6728a6~mv2.jpg,16.9,TRUE
product_be45e94d-973d-459f-2888-c852d4871b35,Fig & Cassis three wick hand poured candle,"Our Fig &amp; Cassis scent top notes are cassis, cherry, grass and fig; middle notes are hyacinth, cyclamen, jasmine and pine tree; base notes are patchouli, cedar, amber and musk. A classic high quality fragrance.
 
Presented in a large glass candle bowl, our three wick candle is a showstopper. 
 
We use only the highest quality wax which is biodegradable and suitable for a high fragrance load, to ensure great scent throw. 
 
All of our products are 100% vegan and cruelty free.
 
Please note that these candles are made to order and as such should be left to fully cure for 1-2 weeks following delivery to ensure proper scent throw.

Approximate candle content 500g.",,1ec8bd_74efb2d684774cf3b21c52619cf848f2~mv2.jpg,16.9,TRUE
product_55f8e550-3069-54c0-30b9-9eacdfd5f44e,Chocolate Orange three wick hand poured candle,"*WARNING - THIS IS NOT A FOOD PRODUCT*
 
Our Chocolate Orange fragrance has base notes of cocoa and a zesty burst of orange.  A warming, sweet scent which is true to its name...just don't eat it!
 
Presented in a large glass candle bowl, our three wick candle is a showstopper.  
 
Our entire range is 100% vegan and cruelty free and we use only the finest quality wax which is biodegradable and suitable for a high fragrance load.  Each section can be reused until the scent fades.
 
Please note that these candles are made to order and as such should be left to fully cure for 1-2 weeks following delivery to ensure proper scent throw.

Approximate candle content 500g.",,1ec8bd_fd63b012528b420d9760a1e8cfba11dd~mv2.jpg,16.9,TRUE
product_8742b38c-e9af-7451-0e38-4ebb0ac0515f,Baby Powder three wick hand poured candle,"Our Baby Powder fragrance has a sweet, clean, soothing scent which is true to its name.
 
Presented in a large glass candle bowl, our three wick candle is a showstopper.  
 
Our entire range is 100% vegan and cruelty free and we use only the finest quality wax which is biodegradable and suitable for a high fragrance load, to ensure great scent throw. 
 
Please note that these candles are made to order and should therefore be left to fully cure for 1-2 weeks following delivery to ensure proper scent throw.

Approximate candle content 500g.",,1ec8bd_384a547b3f2e42aea384f416c431ba4f~mv2.jpg,16.9,TRUE
product_d8d35214-abae-5418-bd5b-3256e6a6d0da,Amber Noir three wick hand poured candle,"Presented in a large glass candle bowl, our three wick candle is a showstopper.  Available in all of our fragrances and, as with all of our range, 100% vegan and cruelty free.
 
Please note that these candles are made to order and as such should be left to fully cure for 1-2 weeks following delivery to ensure proper scent throw.

Approximate candle content 500g.",,1ec8bd_3348e368a8144ab6a097bf70bf393198~mv2.jpg,16.9,TRUE
product_fe38a057-7044-a400-85f6-b2e87da2a8aa,Unscented tea lights (x12),"<p>Perfect with our wax melt burners, our tea lights are 100% vegan and cruelty free.&nbsp; Made from biodegradable specialist tea light wax and presented in aluminium cases and recyclable cardboard packaging, they are also more eco friendly than the majority of 'bulk buy' tea light candles on the market.</p><p>&nbsp;</p><p>Each tealight should burn for 3/4 hours when candle care advice is followed.</p><p>&nbsp;</p>",,1ec8bd_5e493a9df2b34b1987564441d35e4757~mv2.jpg;1ec8bd_cdce83a867c14a39a8dba3506120c12d~mv2.jpg,6.0,TRUE
product_f2e132bc-ca3c-afc5-be8a-2f38f1a52040,Hamper Giftwrapping,"<p>Turn your order into a hamper!</p><p>&nbsp;</p><p>Each hamper will be presented in a large gold and red premium, glossy card, snowflake hamper tray.&nbsp; Wrapped with biodegradable and compostable cellophane and finished with a large gold ribbon bow.&nbsp; Gift tags are available with your choice of message for postage direct to the recipient.</p><p>&nbsp;</p><p>Hamper giftwrapping is available on any order (tray measurements one size:&nbsp;35cm x 24cm x 8cm).&nbsp; Please note that for postal delivery the hamper cellophane will be wrapped flat with the bow stuck on the top to avoid damage and during transit.</p><p>&nbsp;</p><p>&nbsp;</p><p>&nbsp;</p><p>&nbsp;</p><p>&nbsp;</p><p>&nbsp;</p>",,1ec8bd_370516c3939d491fa54c32083f772636~mv2.jpeg,5.0,FALSE
product_4c034e8f-c57f-0781-919c-e1fc44b8b007,Bowl wax melt burner (white),"<p>This simple wax burner is perfect for use with our wax melt range.&nbsp; Just pop a tealight inside, light it and wait for your wax to melt and the room to fill with your chosen scent.</p><p>&nbsp;</p><p>Wax melts/snap bars not included.</p><p>&nbsp;</p><p>Also available as part of&nbsp;our burner and melt&nbsp;bundle.</p>",,1ec8bd_4f9934493b994aab854b59c08d922e71~mv2.jpg,7.99,TRUE
product_008137cb-420d-144d-027d-80f6d21e19b5,Owl wax melt burner (black),"<p>Our lovely little owl wax melt burner is perfect for use with our wax melt range.&nbsp; Just pop a tealight inside, light it and wait for your wax to melt and fill the room with your chosen scent.</p><p>&nbsp;</p><p>Wax melts/snap bars not included.</p><p>&nbsp;</p><p>Also available in white and as part of our burner and melts bundle.</p>",,1ec8bd_5e08e40862464ee0900dfedc7d123447~mv2.jpg,7.0,TRUE
product_0e515074-4a9f-86df-93a3-f3fec83a8e51,Owl wax melt burner (white),"<p>Our lovely little owl wax melt burner has a deep bowl which is perfect for use with our wax melt range.&nbsp; Just pop a tealight candle inside, light it and wait for your wax to melt, filling the room with your chosen scent.</p><p>&nbsp;</p><p>Wax melts/snap bars not included.</p><p>&nbsp;</p><p>Also available in black and as part of our burner and melt bundle.</p>",,1ec8bd_9171f9a181994fd39e42ea0be70cc3a0~mv2.jpg;1ec8bd_568a85405099404d842c9e3758b20895~mv2.jpg,7.0,TRUE
product_5e49c52f-0f94-fd2a-c149-b54f56e21473,Tinned Candle Bundle,Three 20cl candles of your choice.  Please enter fragrance choices in the section below.,https://www.beehappyorders.com/product-page/three-20cl-bundle,1ec8bd_22872c304c304020a34da1b0a0640a4c~mv2.jpeg,19.0,TRUE
product_7f2f4965-c3e0-68c1-771b-b2537fdea441,Fig & Cassis hand poured tinned candle,"Our Wild Fig &amp; Cassis scent top notes are cassis, cherry, grass and fig; middle notes are hyacinth, cyclamen, jasmine and pine tree; base notes are patchouli, cedar, amber and musk.   A classic high quality fragrance. 
 
Comes in its own tin with lid to keep your candle at its best for longer and protect it from dust.
 
Our entire range is vegan, cruelty free and made with the finest quality wax which is biodegradable and suitable for a high fragrance load to give you a great scent throw.

Approximate candle content 200g",,1ec8bd_b9e5690cde004847ac40292c2cb472a1~mv2.png,7.0,TRUE
product_fbb976f5-5975-1713-a44f-e74cd151a3bc,Amber Noir hand poured snap bar (x1),"<p>Our soy wax snap bars are available in our entire range of fragrances.</p><p>&nbsp;</p><p>Our entire range is vegan, cruelty free and made with the finest quality soy wax which is biodegradable and suitable for a high fragrance load to give you a great scent throw.</p><p>&nbsp;</p><p>Each section of your snap bar can be reused until its scent fades.&nbsp; Keep remaining sections of snap bar in an airtight container to keep them at their best.</p>",,1ec8bd_a9d81ff7b3844c34955784edd634a598~mv2.jpeg,1.5,TRUE
product_5bdc069d-e2d7-1835-5983-ae50e9a9a463,Baby Powder hand poured tinned candle,"Our Baby Powder fragranced candle has a sweet, clean, soothing scent which is true to its name.
 
Comes in its own tin with lid to keep your candle at its best and protected from dust.
 
Our entire range is vegan, cruelty free and made with the finest quality wax which is biodegradable and suitable for a high fragrance load to give you a great scent throw.

Approximated candle content 200g",,1ec8bd_1b7e8bd666fb465798de68c7d0d1e9be~mv2.png,7.0,TRUE
product_df19c1f7-07d8-a265-42f8-e8dfa824cc6e,Amber Noir hand poured tinned candle,"Our most luxurious candle, the Amber Noir fragrance is subtle, warm and intoxicating, enhanced by notes of luxury spice, dark balsamic fruits and sensual exotic forests.  Comes in its own tin with lid to keep your candle at its best and protect it from dust.
 
Also available in our wax melt range.
 
Our entire range is vegan, cruelty free and made with the finest quality soy wax which is biodegradable and suitable for a high fragrance load to give you a great scent throw.
 
We use the Wedo eco wick, which is a flat, coreless and self trimming wick made of pure cotton interlaced with thin papers filaments for a more stable and consistent burn with reduced carbon build up, smoke and soot than other wicks.

Approximate candle content 200g",,1ec8bd_12901a66aa844f65a5a81bebfcbd5c7a~mv2.png,7.0,TRUE
product_cd59cd36-b6d2-2cf3-9d48-81793a7bdbbd,"Lime, Basil & Mandarin hand poured tinned candle","<p>The Lime, Basil &amp; Mandarin fragrance&nbsp;has notes of&nbsp;peppery basil and aromatic white thyme which brings an unexpected twist to the scent of limes on a Caribbean breeze.&nbsp; A contemporary and luxuriously clean scent which is perfect for the longer spring and summer evenings.&nbsp;</p><p>&nbsp;</p><p>Comes in its own silver tin with lid to keep your candle at its best and protect it from dust.</p><p>&nbsp;</p><p>Our entire range is vegan, cruelty free and&nbsp;made with the finest quality wax which is biodegradable and suitable for a high fragrance load to give you a great scent throw.</p>",,1ec8bd_b9bd994ff0584f11b9d77ca094e61034~mv2.png,7.0,TRUE
product_c8539b66-7a44-fe18-affc-afec4be8562a,Vanilla hand poured tinned candle,"Inspired by the classic French way of making ice cream using an egg-custard base, this fragrance initially exudes a strong and prominent smell associated with lemon cream and absolute blossom that is then enhanced by light undertones of raw vanilla and tonka bean followed by a delightful trace aftertaste of french vanilla and amber.
 
We use only the finest quality biodegradable wax which can take a high fragrance oil load to give great scent throw. 
 
Comes in its own  tin with lid to keep your candle at its best for longer and protect it from dust.

Approximate candle content 200g",,1ec8bd_728e5aeb6a0241fcb9623cc276cd85c5~mv2.png,7.0,TRUE
product_1a2d7e83-4bef-31d5-09e1-3326ee271c09,Chocolate Orange hand poured tinned candle,"* WARNING - THIS IS NOT A FOOD PRODUCT*
 
Our Chocolate Orange fragrance has base notes of cocoa and a zesty burst of orange.  A warming, sweet scent which is true to its name...just don't eat it! 
 
Comes in its own tin with lid to keep your candle at its best for longer and protect it from dust.
 
Our entire range is vegan, cruelty free and made with the finest quality wax which is biodegradable and suitable for a high fragrance load to give you a great scent throw.

Approximate candle content 200g",,1ec8bd_e94688dc417245d9aa1d95f115d03344~mv2.png,7.0,TRUE
product_d99d3cc8-bc75-ec47-6c72-f713016f98f3,Lavender & Chamomile hand poured tinned candle,"Our Lavender &amp; Chamomile scent offers a refreshing blend of eucalyptus and lavender with camphoraceous and lime top notes.  A calming and relaxing fragrance which is perfect for the bedroom.  Comes in its own silver tin with lid to keep your candle at its best for longer and protect it from dust. Our entire range is vegan, cruelty free and made with the finest quality wax which is biodegradable and suitable for a high fragrance load to give you a great scent throw.Approximate candle content 200g",,1ec8bd_826eea9ef62a4d47a1f319d501052443~mv2.png,7.0,TRUE
product_3fb6a3c8-988b-8755-04bd-5c59ae0b18ea,Amber Noir hand poured wax melts (x5),"<p>Our wax melts are available in all of our standard scents.&nbsp; Each pack will contain&nbsp;five assorted shapes (hearts, stars and seashells).</p><p>&nbsp;</p><p>Our entire range is vegan, cruelty free and&nbsp;made with the finest quality soy wax which is biodegradable and suitable for a high fragrance load to give you a great scent throw.</p><p>&nbsp;</p><p>Each melt can be reused several times until the scent fades.&nbsp; Keep remaining melts in an airtight container to keep them at their best.</p>",,1ec8bd_dfd3c5f3135b4805b802eb319c4ae23f~mv2.jpeg,1.5,TRUE